CPF_PARTICIPANTE,ID_ATIVIDADE,CPF_CONVIDANTE_INTERNO,DATA_INSCRICAO
98052933277,1,45361264300,2023-02-19
98052933277,8,,2023-10-07
28453960666,15,31923052822,2023-04-22
26492828199,14,33871512688,2023-02-12
50518568700,2,61981422999,2023-12-11
50518568700,14,,2023-12-05
50518568700,12,71030682677,2023-10-11
98842698311,1,,2023-01-05
98842698311,7,,2023-04-15
98842698311,2,,2023-10-27
29160884155,4,15088000222,2023-05-29
29160884155,6,15648012255,2023-09-30
29160884155,11,46108701933,2023-11-13
71016301033,7,56413522255,2023-04-11
86200978577,5,,2023-05-11
86200978577,10,,2023-09-08
86200978577,3,22857484933,2023-10-13
48967294477,3,,2023-03-16
48967294477,10,,2023-08-21
48967294477,14,81930972200,2023-05-05
13446404866,15,,2023-11-11
30569364388,2,,2023-09-11
96432346066,11,73764464866,2023-04-05
75003650399,13,,2023-12-19
69869667500,15,26710390422,2023-02-14
69869667500,14,,2023-08-01
33019083066,10,94902981744,2023-04-14
58479591844,6,,2023-08-23
29712118866,2,76159675544,2023-03-24
30119489766,7,,2023-09-06
30119489766,3,,2023-09-13
30066166422,5,,2023-07-26
30066166422,10,13429795755,2023-07-31
30066166422,13,,2023-02-13
55048655900,10,97931342677,2023-11-30
55048655900,2,24548276388,2023-07-09
50912423099,1,20493650122,2023-11-11
50912423099,15,21533648844,2023-05-02
71500434100,11,,2023-08-26
71500434100,14,44907967655,2023-08-20
21691513700,1,35480731588,2023-01-02
92813944488,5,,2023-10-06
92813944488,6,,2023-04-07
92813944488,1,,2023-09-25
19113187300,12,46477239333,2023-01-13
19113187300,5,,2023-12-14
19113187300,15,50731965388,2023-07-10
10833417744,10,,2023-03-21
10833417744,11,69856752399,2023-01-25
10833417744,6,,2023-06-30
89478182088,15,77884428600,2023-06-13
27197846999,4,29204335399,2023-04-30
27197846999,12,,2023-01-31
75523511011,11,,2023-03-07
75523511011,3,98082119177,2023-11-20
78572838277,10,,2023-12-27
76460027044,10,,2023-10-29
76460027044,15,15988618088,2023-07-18
83654358377,14,,2023-12-25
83654358377,11,20950623700,2023-03-17
66174700366,7,15844663400,2023-05-04
66174700366,6,,2023-11-05
20489902588,4,21389633222,2023-03-28
27220995355,12,,2023-03-02
27220995355,11,,2023-11-05
87637253399,11,49581233777,2023-12-13
87637253399,1,20577603911,2023-11-10
87637253399,15,53093788633,2023-03-25
11740135244,9,73768570100,2023-05-23
11740135244,13,84090620200,2023-12-19
18796422988,13,,2023-02-01
18796422988,16,,2023-10-08
18796422988,11,65382184077,2023-06-25
61062449444,14,,2023-12-27
61062449444,5,61307539000,2023-05-30
61062449444,15,,2023-05-06
41567300933,8,85146128088,2023-10-06
41567300933,4,,2023-06-13
30871198066,13,,2023-02-16
30871198066,8,,2023-05-18
30871198066,14,53507228400,2023-10-04
99940255544,9,16313022800,2023-06-20
99940255544,6,27071524800,2023-12-06
20931493700,6,35041773577,2023-11-26
20931493700,10,,2023-10-28
99106959288,1,25062279033,2023-01-29
77096254011,7,,2023-11-16
77096254011,4,83317370599,2023-09-17
92469791333,13,,2023-10-05
92469791333,12,,2023-06-18
92469791333,9,,2023-05-23
64934031544,2,12277429244,2023-07-17
64934031544,11,,2023-09-28
93140639099,14,22077297611,2023-12-11
61006617800,7,,2023-11-24
44053563277,14,24034681699,2023-01-11
44053563277,6,71005784422,2023-02-14
44053563277,16,,2023-01-14
56808234977,15,,2023-07-27
56808234977,3,,2023-11-13
56808234977,1,,2023-10-20
44996887100,5,,2023-08-18
44996887100,8,45833936011,2023-10-13
44996887100,3,40228367922,2023-06-25
28174375000,2,85604945888,2023-11-12
28174375000,11,19795063022,2023-07-09
28174375000,12,74113107433,2023-07-10
13839166833,9,,2023-03-02
13839166833,15,,2023-09-09
24068526799,16,,2023-09-20
24068526799,5,,2023-09-06
24068526799,4,68965134388,2023-08-14
25489718133,12,,2023-04-01
60264397066,2,60802733144,2023-06-22
60264397066,12,16299540399,2023-12-19
60264397066,13,66939793000,2023-12-24
92502423444,11,18699412177,2023-05-25
92502423444,5,,2023-03-04
83567175900,5,96553847211,2023-12-25
41487189266,7,12269959855,2023-07-05
41487189266,12,,2023-07-14
41487189266,1,,2023-04-09
70504702288,7,97832000700,2023-06-13
70504702288,10,,2023-08-11
70504702288,8,,2023-12-05
70588161155,6,95701417600,2023-05-08
70588161155,4,,2023-04-10
70588161155,8,,2023-08-30
55106908444,2,12200966955,2023-02-10
24671172355,3,,2023-01-15
28106089700,12,91345324122,2023-05-26
59790501833,3,,2023-06-15
59790501833,7,,2023-10-24
85664008444,16,,2023-02-17
85664008444,8,,2023-01-31
14505948400,13,20865413177,2023-11-17
88011998644,16,,2023-06-24
86427241022,4,83615225222,2023-07-27
78363144800,16,27210971211,2023-02-14
78363144800,11,,2023-06-16
87456405300,9,19647841900,2023-12-06
83245640399,3,94947194411,2023-10-06
98211723000,9,19112389900,2023-11-27
98211723000,4,53425715377,2023-07-25
57222336766,4,82792601888,2023-08-03
57222336766,16,,2023-12-18
57222336766,10,32954943988,2023-05-23
36947431388,9,26331263322,2023-05-10
36947431388,11,22255178000,2023-10-31
38813402622,9,91078830133,2023-12-03
38813402622,2,76573300155,2023-11-25
38813402622,12,,2023-11-11
11545794844,11,32550703333,2023-01-04
24596042899,14,,2023-12-11
24596042899,9,10547411311,2023-12-18
59856817500,15,69465526011,2023-06-05
59856817500,13,,2023-06-18
17687753977,5,,2023-09-29
25677969400,6,11093784911,2023-09-22
25677969400,14,57903339311,2023-09-11
36875024499,2,,2023-10-04
36875024499,11,,2023-07-04
98050883755,3,92745425188,2023-04-19
98050883755,12,,2023-10-02
81832346233,9,,2023-01-27
81832346233,7,,2023-04-14
81832346233,6,16841335055,2023-01-29
39559426944,7,27265060033,2023-01-24
39559426944,10,,2023-11-13
39559426944,12,,2023-03-11
10835596488,4,42858885488,2023-10-09
57221838144,6,,2023-12-09
57221838144,9,,2023-03-21
67386123622,9,,2023-06-22
19338828833,6,60847727222,2023-01-23
19338828833,3,15350595244,2023-07-13
19338828833,9,27783259300,2023-10-23
11692638600,6,,2023-03-24
11692638600,16,90824103622,2023-01-30
11692638600,12,87764640244,2023-09-20
67857617355,3,48719487900,2023-07-24
67857617355,12,83678512933,2023-11-27
96339044988,2,72099873477,2023-02-26
96339044988,4,21289268588,2023-02-28
63660832311,8,97013058411,2023-04-14
39849444466,8,22648311899,2023-11-07
74858599600,11,,2023-10-29
74858599600,1,,2023-10-31
74858599600,4,48403665600,2023-05-23
26755977400,16,,2023-07-31
26755977400,1,91911585911,2023-09-16
18657677355,5,25675598255,2023-01-03
18657677355,7,62603274800,2023-05-04
18657677355,15,28055923100,2023-06-21
57941391455,3,,2023-12-18
57941391455,15,38385500055,2023-03-22
57941391455,2,,2023-07-12
61601883133,11,,2023-08-06
61601883133,10,78439076299,2023-04-03
38777219155,16,,2023-07-28
38777219155,5,,2023-03-26
70221067544,2,,2023-04-27
34316994800,4,,2023-01-08
34316994800,9,,2023-07-30
34316994800,3,20328811877,2023-02-07
80983229477,15,53408667266,2023-08-13
80983229477,1,,2023-07-02
80983229477,5,56109946833,2023-06-16
25201702122,10,,2023-06-30
25201702122,5,17919677444,2023-11-30
86799016444,4,48062847500,2023-05-16
86799016444,7,86950856788,2023-08-02
86799016444,10,65451348844,2023-07-14
29045117766,11,,2023-05-07
29045117766,14,36400747855,2023-04-30
29045117766,10,,2023-05-20
36121773200,6,,2023-12-07
36121773200,14,23262243888,2023-10-22
36121773200,8,27054825044,2023-04-23
99755983400,9,,2023-01-19
94962247255,13,,2023-11-27
94962247255,8,84316245311,2023-05-25
52670020544,8,,2023-01-25
52670020544,1,39595775322,2023-04-25
52670020544,12,,2023-03-15
29589147711,6,16815942188,2023-02-22
29589147711,7,22012598444,2023-08-21
18181072444,3,,2023-11-08
18181072444,4,15585499355,2023-08-14
18181072444,16,,2023-07-28
40070730311,5,,2023-02-02
40070730311,9,80068561099,2023-03-07
57725350644,13,76139829711,2023-12-13
57725350644,2,86860254200,2023-09-23
57725350644,4,,2023-04-26
60300798599,9,75459319711,2023-08-25
60258235700,12,39569856722,2023-11-25
60258235700,14,47539630477,2023-06-29
60258235700,16,18072126700,2023-09-06
15575589300,10,81306829400,2023-03-21
15575589300,15,57517259488,2023-01-09
68207780822,3,,2023-02-17
68207780822,6,,2023-07-23
64729807055,12,,2023-09-29
79281621722,3,,2023-06-29
79281621722,16,,2023-08-30
77155884233,7,44089012611,2023-09-13
38289734855,4,,2023-08-24
38289734855,2,23261168799,2023-10-23
13032952533,9,38486662000,2023-06-27
94809454522,5,72544358977,2023-03-07
84177219599,16,81086202444,2023-10-02
85567953400,13,13765896300,2023-01-14
85567953400,14,,2023-07-20
80219951499,9,,2023-01-28
80219951499,3,,2023-10-07
67639072499,13,,2023-06-06
67639072499,2,,2023-09-01
67639072499,3,,2023-10-08
99880695100,9,,2023-06-05
99134525466,6,,2023-11-10
99134525466,9,,2023-06-09
99134525466,7,,2023-05-28
20894845433,8,10195775099,2023-12-13
82705620333,15,90656236988,2023-11-21
82705620333,16,97926171833,2023-01-05
53169329355,10,,2023-01-08
53169329355,13,90970401833,2023-11-03
53169329355,14,64046946033,2023-11-20
30116721999,1,,2023-11-05
30116721999,3,65445147644,2023-01-23
23651452055,13,,2023-10-17
23651452055,4,63660405833,2023-01-28
23651452055,7,,2023-12-29
80480599244,13,,2023-04-03
80480599244,2,44040165222,2023-04-23
80480599244,15,,2023-03-08
39418144788,14,94007403366,2023-05-27
39418144788,13,62828597000,2023-04-16
67774386533,15,,2023-08-21
67774386533,1,52662692355,2023-05-24
37765495644,16,15300565199,2023-12-23
37765495644,1,70062006366,2023-11-18
37765495644,8,76292357200,2023-05-26
95153104744,11,,2023-11-04
95153104744,14,81326980377,2023-06-20
95153104744,13,81311166033,2023-08-28
11732606922,2,,2023-11-11
11732606922,13,23177842100,2023-09-15
55047784333,3,,2023-03-17
55047784333,4,20773970711,2023-12-27
55047784333,1,82608090011,2023-09-27
51257696144,9,84923276933,2023-05-08
54728196100,3,,2023-06-09
35302632577,3,19660025211,2023-12-24
35302632577,13,,2023-05-12
71535472744,8,,2023-03-07
35949184166,11,45534062766,2023-05-12
35949184166,14,70040881200,2023-02-25
35949184166,13,,2023-06-30
21131875822,10,,2023-10-03
21131875822,9,,2023-10-07
21131875822,2,,2023-01-08
66012022588,2,,2023-09-03
66012022588,1,11227452499,2023-11-28
66012022588,4,,2023-09-12
63394581900,12,,2023-06-12
87868089400,11,,2023-10-31
16082079433,7,75998736433,2023-08-11
16082079433,11,18738657088,2023-10-27
16082079433,3,,2023-01-19
56977481244,1,,2023-11-30
56977481244,12,99997461600,2023-01-09
56977481244,9,85791731677,2023-08-06
85583493399,16,34560136633,2023-02-11
85583493399,5,38973684044,2023-10-29
85583493399,12,82868416200,2023-04-28
21042959988,11,46798564088,2023-06-03
21042959988,6,,2023-10-07
21042959988,13,59720722622,2023-06-15
47220545411,15,,2023-05-11
70268693299,13,,2023-04-27
70268693299,5,91306398166,2023-11-29
70268693299,3,73082495144,2023-05-30
55905726811,7,,2023-09-25
84541216922,16,46814864000,2023-01-02
26001669988,16,,2023-04-05
26001669988,10,,2023-02-18
26001669988,13,78961718300,2023-05-06
30783779700,10,17261293900,2023-02-03
30783779700,11,,2023-12-21
30783779700,2,,2023-12-14
26073912100,4,82725379666,2023-03-08
68065329266,11,,2023-03-27
68065329266,4,,2023-12-20
68065329266,7,,2023-03-16
83616536277,7,32034587800,2023-08-14
55901713000,8,64707962499,2023-09-16
49014031099,6,46108701933,2023-12-13
49014031099,5,,2023-01-02
49695033977,2,,2023-04-01
93376718911,4,,2023-04-21
24852594611,4,,2023-12-25
24852594611,3,14998982400,2023-06-13
24852594611,15,11966828011,2023-03-06
84057166700,14,,2023-12-12
27773638033,7,,2023-01-18
25179028877,14,81118652955,2023-10-07
25179028877,7,24556551211,2023-05-07
41922761866,3,86562363777,2023-08-11
41922761866,13,,2023-05-11
41922761866,7,77292435800,2023-06-16
54183438311,2,58188554577,2023-08-20
54183438311,16,,2023-02-03
63816271233,12,,2023-01-06
63816271233,2,56949279155,2023-12-12
77868952722,5,,2023-10-09
67984090166,14,49768104100,2023-10-29
67984090166,1,,2023-07-18
67984090166,13,17551639755,2023-02-03
38305289499,5,17326571811,2023-11-19
38305289499,4,,2023-09-12
38305289499,14,35268908200,2023-06-30
56652438099,8,,2023-04-24
23100907000,6,,2023-10-10
23100907000,7,,2023-12-28
23100907000,15,,2023-12-12
83762168300,1,86430406300,2023-05-07
83762168300,16,,2023-05-21
25638502588,12,40652073200,2023-08-16
25638502588,3,,2023-09-10
25638502588,2,,2023-05-26
10489694799,7,,2023-04-25
10489694799,4,55727993000,2023-01-14
73328862000,6,26453666433,2023-03-23
88170140522,3,94220774000,2023-09-10
89203107188,5,,2023-10-05
89203107188,6,,2023-01-20
89203107188,10,,2023-01-20
31999990699,14,86179554144,2023-01-01
31999990699,3,,2023-01-27
31999990699,13,83451489999,2023-12-31
99047779344,11,,2023-06-29
99047779344,9,,2023-05-12
99047779344,2,45096213299,2023-05-20
28680753399,9,,2023-10-10
72005663811,3,79898812255,2023-10-22
72005663811,2,,2023-09-21
98187852822,3,,2023-04-03
35605982300,5,,2023-06-27
53452783000,7,66492842899,2023-06-28
53452783000,10,39052780577,2023-08-02
53452783000,15,,2023-01-18
76865016555,10,,2023-12-22
62249601600,2,,2023-06-05
62249601600,12,,2023-09-10
62249601600,8,33495258222,2023-11-02
34644350166,13,54670562399,2023-05-31
34644350166,10,,2023-04-29
34644350166,11,,2023-12-17
48292720155,15,75129779566,2023-04-28
48292720155,9,,2023-05-26
15258448144,4,,2023-10-20
15258448144,3,,2023-04-24
42214018855,12,16604088900,2023-07-02
80090504077,7,49454262100,2023-05-21
80090504077,16,16864892000,2023-02-22
80090504077,5,88109007233,2023-07-25
38680025611,5,86363226422,2023-05-31
38680025611,16,40226117744,2023-05-07
38680025611,8,10598820355,2023-08-12
95905254822,13,49102513911,2023-11-12
95905254822,4,,2023-02-02
54010072211,16,14021281699,2023-07-22
85829332666,4,,2023-03-04
85829332666,13,70015632000,2023-02-04
85829332666,15,56731256077,2023-02-10
81144666000,14,,2023-05-12
54682861655,4,53822786799,2023-11-09
54682861655,14,88476667400,2023-05-25
54682861655,11,,2023-02-03
46197156544,3,35851970944,2023-03-01
46197156544,10,,2023-06-23
96038194333,6,87099011244,2023-04-10
96038194333,14,99161358433,2023-02-20
22396179344,3,76730078788,2023-06-27
22396179344,6,,2023-05-04
22396179344,13,,2023-06-08
26571888188,2,,2023-06-06
26571888188,16,,2023-07-14
26571888188,10,,2023-10-27
51028992955,15,15325588133,2023-05-19
51028992955,5,,2023-11-24
42079403244,15,43988925166,2023-03-01
79871420344,5,,2023-06-01
87068816966,11,,2023-07-26
87068816966,5,51814065211,2023-10-12
87068816966,6,,2023-02-28
78335903044,9,,2023-07-25
78335903044,11,37054366600,2023-12-09
78335903044,12,21013396177,2023-11-29
86387842522,7,,2023-05-30
89358350566,1,,2023-09-08
89358350566,7,,2023-10-12
57545185366,1,56900509033,2023-10-21
57545185366,11,,2023-10-14
57545185366,6,31870981188,2023-04-10
95993929733,14,,2023-11-24
95993929733,2,99128757022,2023-07-02
17536023433,5,36127150033,2023-04-21
63637370955,7,,2023-10-28
63637370955,12,,2023-09-03
17084269577,6,91574377699,2023-12-06
17084269577,7,,2023-08-11
38077394599,3,,2023-07-01
38077394599,8,,2023-08-16
90370346833,3,86041756288,2023-10-01
90370346833,1,69814168244,2023-08-05
90370346833,15,,2023-06-05
56051199822,3,91445432122,2023-05-31
56051199822,8,45703554200,2023-12-20
56051199822,4,73847194100,2023-02-28
15138944633,13,68311470111,2023-05-25
15138944633,4,29954397477,2023-10-13
64541974766,7,42291136177,2023-11-17
64541974766,6,,2023-03-27
64541974766,13,58236864477,2023-01-28
71800182288,15,22303749077,2023-09-29
71800182288,2,70832207277,2023-01-20
71800182288,7,,2023-12-29
24146350377,13,19692049155,2023-10-21
24146350377,1,,2023-03-10
11096474500,6,,2023-05-29
11096474500,7,,2023-10-22
64260749188,2,,2023-03-04
64260749188,4,,2023-11-07
64260749188,5,,2023-08-15
22424788344,11,,2023-03-17
21858701811,12,79694347700,2023-03-03
21858701811,3,,2023-01-26
21858701811,8,,2023-07-18
21192229755,16,39492041300,2023-10-02
13355124388,7,88611573000,2023-01-07
13355124388,6,,2023-02-06
22022284200,13,66415910344,2023-01-14
22022284200,16,79442963311,2023-08-11
22022284200,12,94377973588,2023-06-27
31166006600,4,,2023-11-03
31166006600,11,59133031999,2023-04-03
31166006600,3,,2023-03-30
25832346099,11,93084881622,2023-09-12
25832346099,8,74466289522,2023-07-24
92200605077,16,52726748399,2023-08-20
92200605077,1,17212521422,2023-07-29
92200605077,14,92515991733,2023-10-22
46934161266,4,,2023-05-21
46934161266,6,,2023-12-08
46934161266,11,,2023-05-02
11178328300,4,,2023-03-31
11178328300,13,,2023-04-25
11178328300,15,16512268144,2023-06-11
10161755077,15,44696492955,2023-02-25
67449444444,7,,2023-10-20
91396761700,16,,2023-05-25
91396761700,2,74514068300,2023-09-19
53741758233,6,,2023-09-18
53741758233,10,25635571944,2023-08-24
53741758233,4,44185469444,2023-04-03
55106753733,7,,2023-02-14
55106753733,2,,2023-06-02
91201572744,13,11744526844,2023-11-30
91201572744,5,,2023-03-05
91201572744,16,,2023-02-03
77189523399,7,,2023-02-22
23437837722,5,,2023-12-26
69833696455,3,,2023-08-06
69833696455,6,88031874800,2023-02-17
40328817077,8,,2023-08-20
91083671244,12,15143152111,2023-08-08
91083671244,6,62640333755,2023-06-13
91083671244,15,,2023-08-09
57784943199,15,,2023-09-28
20762876477,14,19425758666,2023-08-10
66322806099,6,,2023-07-07
66322806099,14,,2023-05-21
12212814100,2,,2023-03-03
85732567022,3,72081006677,2023-10-06
48226897788,8,10315615011,2023-06-18
28413057677,13,39273875500,2023-03-01
28413057677,10,95753156933,2023-01-16
28413057677,2,64342257922,2023-08-03
42571566944,9,36486359300,2023-01-23
42571566944,16,24016708400,2023-02-10
42571566944,2,,2023-07-09
76776961988,11,25982513500,2023-11-20
39224637111,8,22493323555,2023-05-01
39224637111,12,,2023-03-31
39224637111,16,87481512200,2023-05-23
34914509000,9,35111952255,2023-10-06
34914509000,15,,2023-06-16
34914509000,3,,2023-10-31
48542794600,9,,2023-12-03
48542794600,11,,2023-12-21
48542794600,10,,2023-07-11
73730703455,1,,2023-01-21
73730703455,14,38997683533,2023-08-23
20553467844,5,36622237400,2023-12-21
20553467844,11,28475560366,2023-01-12
20553467844,16,11455921399,2023-12-01
51393227655,3,,2023-08-17
15997071444,13,96193398511,2023-10-21
15997071444,5,,2023-04-28
72149518433,2,,2023-11-27
72149518433,13,,2023-12-05
55148359600,7,,2023-08-28
55148359600,2,50749305377,2023-01-31
55148359600,4,,2023-12-15
63389574355,7,43007944722,2023-10-13
63389574355,2,,2023-05-26
63389574355,9,,2023-04-04
83196641444,8,,2023-04-03
22877951977,4,,2023-05-16
22877951977,16,,2023-09-27
22877951977,7,,2023-02-28
83423945066,1,93142051855,2023-01-19
83423945066,7,95548619400,2023-11-03
83423945066,15,58091823055,2023-09-20
47760442188,2,15642578355,2023-07-28
46972409444,2,99879421566,2023-01-16
67921168077,7,,2023-09-04
67921168077,13,84422181900,2023-04-10
67921168077,8,,2023-11-05
52038518755,14,,2023-07-14
54752765522,14,38187528933,2023-09-04
54752765522,6,87443120400,2023-07-09
54752765522,3,56701546655,2023-05-27
40219414877,13,,2023-02-16
87990820200,10,,2023-02-22
87990820200,14,16474316544,2023-06-18
75336266722,11,,2023-07-18
75336266722,8,29193544777,2023-12-05
87493210055,4,,2023-09-11
48406255222,15,,2023-08-18
50469040633,9,58322317755,2023-08-10
40864012077,5,,2023-03-18
67423979777,3,,2023-03-13
67423979777,12,,2023-04-24
67423979777,16,34973322244,2023-08-13
34254985177,14,47782445166,2023-07-13
48872773188,7,,2023-09-30
88033773955,16,,2023-07-06
21826986988,9,,2023-11-03
28617586600,9,,2023-02-04
28617586600,8,50119390066,2023-11-06
28617586600,3,72099873477,2023-12-08
55036855711,7,95164961300,2023-08-02
87203541699,2,68288627400,2023-07-28
87203541699,13,,2023-11-26
32661363577,2,32864133800,2023-02-08
48559017177,11,,2023-03-18
48559017177,5,,2023-02-10
23465688133,15,,2023-07-10
14899195033,3,,2023-04-23
25451019588,2,66396827966,2023-11-28
25451019588,5,,2023-04-02
25451019588,9,65124933622,2023-06-18
97212565100,14,18591839133,2023-01-04
20716748399,5,,2023-06-09
20716748399,3,68188766411,2023-05-22
20716748399,8,53233002133,2023-01-23
84698904766,10,26604278955,2023-10-17
84698904766,16,,2023-10-22
15509444600,16,,2023-05-13
15509444600,8,18866461555,2023-04-16
15509444600,1,56633359199,2023-02-17
92989317788,15,,2023-02-24
92989317788,3,,2023-09-13
56153571422,16,,2023-05-29
56153571422,15,,2023-04-26
77739976088,2,,2023-09-25
16392886277,10,,2023-10-22
16392886277,6,60802733144,2023-10-30
30946819211,13,,2023-06-05
21332800577,3,,2023-08-29
21332800577,5,,2023-11-12
21332800577,9,,2023-06-18
17052426933,3,,2023-03-03
67667202200,4,,2023-09-27
67667202200,15,,2023-04-21
67667202200,11,,2023-06-02
49468339600,15,,2023-05-04
49468339600,3,91366193611,2023-05-21
13415223422,13,79517070311,2023-04-16
13415223422,12,66304508766,2023-12-14
69534925033,5,74823881766,2023-03-28
25700511799,15,86280282855,2023-01-08
29592105499,9,,2023-11-06
29592105499,15,13326935633,2023-04-02
29592105499,12,,2023-06-22
50241598533,8,33688043322,2023-08-22
73488637366,9,,2023-10-02
73488637366,16,,2023-02-03
88527874100,7,56568028411,2023-12-05
88527874100,3,,2023-10-06
88527874100,16,62686879144,2023-04-06
11167023800,11,,2023-09-26
52361011822,12,,2023-12-10
52361011822,2,30632972400,2023-12-30
69489755855,12,,2023-05-05
69489755855,9,,2023-02-07
69489755855,10,11686703577,2023-01-22
78502238299,14,25776982244,2023-01-01
78502238299,13,89044896955,2023-04-17
78502238299,11,,2023-08-24
83766340200,12,30289146700,2023-08-17
83766340200,4,,2023-03-23
52742023222,8,98651462077,2023-11-25
37067638855,16,21560964811,2023-03-17
77311906333,15,,2023-10-13
77311906333,1,,2023-05-26
99315372300,2,,2023-06-29
99315372300,4,,2023-06-29
99315372300,6,,2023-01-28
97430875911,8,,2023-03-05
97430875911,13,13547866377,2023-01-14
97430875911,12,,2023-05-17
74104882200,7,43615117800,2023-08-18
74104882200,12,47481447699,2023-05-11
74104882200,10,23607548155,2023-12-04
16896266588,10,,2023-06-13
16896266588,12,35244120766,2023-07-22
16896266588,15,,2023-08-03
83624061355,15,,2023-11-03
83624061355,4,,2023-12-07
83624061355,3,78919758255,2023-09-25
56452061933,14,,2023-01-19
56452061933,10,52423152966,2023-12-28
81830663999,7,12135546599,2023-12-16
81830663999,9,42494351488,2023-11-21
77126653700,8,12641798399,2023-07-21
77126653700,6,55566042400,2023-03-20
43222768144,1,,2023-09-30
43222768144,2,,2023-09-08
11289740966,6,84759045644,2023-01-06
93529043899,6,,2023-10-06
93529043899,1,,2023-12-04
93529043899,5,19984236466,2023-09-04
48170711099,4,15727610755,2023-12-07
48170711099,16,17151896988,2023-02-16
48170711099,3,,2023-12-25
67919066188,3,79708598522,2023-10-21
41428482755,12,,2023-11-18
28492666200,6,,2023-10-23
28492666200,4,,2023-11-29
28492666200,11,,2023-11-08
64306260833,2,12623724299,2023-05-22
64306260833,7,,2023-01-03
64306260833,11,69421992499,2023-09-12
49440297211,11,95110945211,2023-03-03
49440297211,13,,2023-01-09
34444999499,6,,2023-07-20
34444999499,3,73703056944,2023-04-26
93969505211,10,,2023-04-17
93969505211,1,,2023-09-17
93969505211,6,35734787600,2023-04-12
35035819288,2,,2023-05-27
35035819288,3,,2023-09-18
82302311177,8,67428226600,2023-09-21
82302311177,2,,2023-01-05
82302311177,5,,2023-10-06
47926228833,7,,2023-02-15
47926228833,5,54775264400,2023-12-05
47926228833,11,,2023-10-06
41708148000,8,85468688599,2023-05-13
41708148000,15,,2023-06-07
73771429366,12,,2023-01-25
17881714111,8,,2023-09-10
17881714111,1,,2023-04-04
17881714111,7,50643541500,2023-05-13
24133705288,3,,2023-12-18
52508560555,5,67033908433,2023-10-29
52508560555,10,16135532777,2023-08-12
52508560555,2,36886879655,2023-10-21
67362807533,5,,2023-05-20
67362807533,1,,2023-03-26
67362807533,15,,2023-02-22
11773990911,14,12233863333,2023-02-03
11773990911,8,63140550400,2023-05-12
11773990911,10,53900941311,2023-09-01
80436072811,8,13540521455,2023-09-03
29592708355,16,,2023-11-08
29592708355,12,39260839133,2023-04-06
22901853100,2,60137794222,2023-03-08
73288456277,1,,2023-05-30
73288456277,2,,2023-11-03
73288456277,5,63068522555,2023-06-13
45750481000,5,48925179500,2023-12-29
21416565244,7,,2023-09-14
21416565244,12,,2023-12-25
21416565244,8,94517917522,2023-06-08
62470381788,15,98246777633,2023-06-03
62470381788,13,,2023-12-31
45465692700,4,,2023-12-25
28367378166,5,,2023-01-05
28367378166,9,,2023-09-23
28367378166,15,11577223000,2023-01-09
43783146655,12,25088183488,2023-10-11
99204466888,12,94890514700,2023-09-28
29940180200,11,,2023-10-18
29940180200,8,,2023-08-19
70675029933,14,,2023-04-07
24147906288,10,,2023-07-05
88570834466,14,40876074533,2023-02-26
30849193999,12,,2023-04-16
14602617633,6,15230728733,2023-04-17
14602617633,15,91102134655,2023-08-07
14602617633,5,82479737822,2023-04-18
60627278133,8,36618533177,2023-06-04
97977215077,4,,2023-08-09
66742445033,7,,2023-06-05
66742445033,15,,2023-10-22
64107246677,16,,2023-11-29
64107246677,11,41964864877,2023-07-19
45989557755,12,,2023-12-21
19309850533,11,,2023-03-23
19309850533,7,,2023-08-07
19309850533,8,,2023-06-09
28127111599,2,,2023-04-03
42677793766,5,,2023-11-18
42677793766,2,58505437244,2023-03-11
42677793766,15,49241522188,2023-08-24
81496101200,12,,2023-11-20
42060025922,9,,2023-03-29
42060025922,12,,2023-08-13
42060025922,1,,2023-06-06
82774292744,14,71939764433,2023-09-14
82774292744,6,,2023-07-07
66379541444,2,,2023-05-16
61426644944,9,39554524333,2023-01-01
31236781488,13,50006887322,2023-12-06
31236781488,11,,2023-06-29
33791980999,11,65827868222,2023-06-16
90297859933,14,84187514877,2023-01-14
90297859933,3,39827423077,2023-08-07
14406143933,3,,2023-09-28
14574298377,4,,2023-01-18
14574298377,1,43274205733,2023-10-31
64826819644,10,81377699944,2023-12-31
53496271800,3,93961367944,2023-10-03
53496271800,5,,2023-09-16
12159956100,1,93848922200,2023-12-14
91331522411,11,,2023-02-12
95119144566,2,35613709855,2023-01-30
95119144566,11,,2023-08-29
45133733777,11,90883878000,2023-01-10
20017010477,14,85156456455,2023-06-30
20017010477,1,,2023-12-25
20017010477,12,45763212266,2023-03-19
46343794577,15,12541830433,2023-10-08
46343794577,5,,2023-08-15
85759257688,10,,2023-01-04
85759257688,13,50163770811,2023-03-17
85759257688,16,,2023-08-12
83738610844,8,71653796811,2023-09-15
83738610844,2,,2023-11-22
83738610844,10,,2023-03-13
80490497799,14,72300134888,2023-09-05
19164715600,7,84045323200,2023-12-22
19164715600,2,70977910988,2023-03-14
44083850344,14,76139829711,2023-03-13
44083850344,5,58234002844,2023-04-27
44083850344,11,33694214966,2023-09-14
87372770066,16,79912051500,2023-04-21
87372770066,1,,2023-09-19
87372770066,6,,2023-03-09
12395039899,15,,2023-02-22
12395039899,4,,2023-10-17
74501757200,3,89103251277,2023-08-20
74501757200,6,28016804600,2023-09-26
74501757200,7,26926395377,2023-05-05
16256616144,16,,2023-04-17
91561355300,4,,2023-09-18
30933713333,13,95224206899,2023-12-10
38010849577,8,,2023-05-17
38010849577,16,,2023-08-27
38010849577,3,,2023-02-15
48872633844,12,,2023-10-09
69752375811,12,98082119177,2023-12-06
69752375811,16,62147562333,2023-10-30
94710958088,11,99979958488,2023-10-01
94710958088,15,,2023-03-30
45767896788,2,81655081055,2023-06-03
83551795366,3,,2023-12-07
83551795366,11,,2023-03-08
83551795366,4,,2023-06-09
45719812522,16,31034055888,2023-06-22
45719812522,9,99175790366,2023-02-07
45719812522,1,,2023-10-08
95246792999,7,33746385200,2023-03-11
95246792999,6,95357429577,2023-03-10
25745766911,3,38651735000,2023-09-10
79283406900,3,41589259755,2023-12-24
79283406900,15,35553116622,2023-06-26
23336707200,13,,2023-12-20
23336707200,14,,2023-08-16
73181013400,16,,2023-01-16
49539228166,9,34639743477,2023-08-17
49539228166,4,30072851199,2023-06-28
28238299899,2,,2023-04-19
28238299899,7,,2023-01-09
27693844499,6,,2023-07-17
27693844499,3,14676638244,2023-12-26
27693844499,16,,2023-11-25
27856600800,10,,2023-02-26
27856600800,12,55243640900,2023-02-12
52890507100,4,,2023-04-05
86665133300,2,,2023-09-14
28297120566,6,,2023-06-26
28297120566,5,,2023-05-23
33171415577,9,77820378599,2023-10-26
33171415577,4,,2023-12-07
33171415577,3,13278475233,2023-04-07
68610781233,5,83068385644,2023-08-12
68610781233,12,,2023-05-19
68610781233,14,,2023-11-18
34265643866,6,73398662133,2023-03-02
34265643866,10,97217640355,2023-01-28
70617408099,2,91038441533,2023-09-04
70617408099,10,,2023-04-25
70617408099,15,97835798000,2023-09-18
30535954277,10,,2023-07-29
30535954277,4,71644758733,2023-08-26
30535954277,16,,2023-06-11
70045286777,4,94978401600,2023-04-20
70045286777,9,54424026800,2023-01-22
78874662966,7,55951434011,2023-01-08
78874662966,9,,2023-01-07
26641149722,11,,2023-07-24
26641149722,14,46491193677,2023-05-09
11009033800,1,78714469599,2023-01-10
11009033800,13,,2023-02-13
11009033800,4,88074937722,2023-05-06
56237336622,1,67974722611,2023-04-09
56237336622,10,,2023-03-27
87195612100,2,37472013933,2023-04-08
87195612100,12,23164799100,2023-06-29
47847561088,5,,2023-01-01
47847561088,1,45154665777,2023-10-20
81251246599,4,18201774599,2023-09-29
81251246599,11,,2023-05-30
81251246599,15,,2023-02-09
36870118366,6,65144383699,2023-08-04
36870118366,12,,2023-11-08
91721965055,9,,2023-05-31
64418939755,16,90362672422,2023-03-20
64418939755,15,54424026800,2023-03-31
69912112811,9,85356248800,2023-08-11
79701384544,9,61368610200,2023-04-13
79701384544,16,,2023-05-10
20122415811,7,,2023-06-29
20122415811,9,71153962999,2023-12-26
20122415811,8,85119074677,2023-04-29
69844852900,15,52904305122,2023-01-22
61313924477,1,,2023-05-07
21500057433,2,,2023-09-26
21500057433,5,28080619944,2023-03-31
21500057433,16,,2023-02-02
24229682366,3,,2023-02-10
89050686699,16,,2023-02-22
89050686699,11,68944089044,2023-04-17
54233619900,14,37442155633,2023-09-25
54233619900,9,,2023-08-27
88785838122,12,,2023-12-03
88785838122,14,78051342511,2023-10-27
77673960022,11,17013769544,2023-02-19
77673960022,3,,2023-09-14
61172978155,11,,2023-06-23
61172978155,2,55791758333,2023-07-30
61172978155,12,53273419333,2023-11-08
65528387600,2,68535698811,2023-12-23
65101948999,16,,2023-11-17
65101948999,14,,2023-01-20
32787690400,11,31679948277,2023-03-02
32787690400,4,94172689966,2023-01-18
36127972044,11,,2023-07-25
36127972044,2,68007771299,2023-01-15
60257573133,16,98916225333,2023-09-24
60257573133,8,,2023-11-18
96873111500,6,10452080433,2023-07-01
96873111500,15,,2023-05-26
57896766855,4,,2023-08-12
17229119999,6,,2023-07-20
17229119999,4,22006814888,2023-11-11
63222304177,2,96711521044,2023-07-15
81238454999,16,52488423100,2023-09-04
92736847188,15,,2023-05-27
92736847188,16,30562045699,2023-03-20
77450146200,13,,2023-02-14
77450146200,12,60964499999,2023-05-27
53607140344,16,83824265655,2023-05-14
30749112044,11,65138913377,2023-04-25
30749112044,7,45231269255,2023-02-08
30749112044,16,68287501011,2023-08-19
49281483633,14,,2023-11-21
70164793400,15,,2023-07-10
70164793400,13,,2023-07-09
90362032011,1,,2023-06-08
90362032011,15,62293756300,2023-10-03
59647561311,9,,2023-08-01
59647561311,6,,2023-03-29
51189559555,5,38523848000,2023-04-12
47840945555,3,18464340099,2023-12-12
47840945555,14,12823936266,2023-10-27
95029901700,8,,2023-06-23
95029901700,4,88257914100,2023-10-03
77587146411,2,,2023-08-19
77587146411,8,79192822500,2023-04-11
77587146411,6,,2023-12-07
12812964733,5,96827679033,2023-09-05
12812964733,14,,2023-03-10
12812964733,11,,2023-05-08
91832548033,2,,2023-04-18
91832548033,10,,2023-10-17
82980627100,3,,2023-12-26
82980627100,16,82752962422,2023-10-12
79593160588,9,63395375100,2023-04-04
79593160588,8,,2023-11-04
65317296433,9,28628272666,2023-02-23
88885263311,13,,2023-04-30
71316350900,1,41348996800,2023-11-24
80832549400,11,45754939611,2023-11-08
44507748099,3,,2023-09-19
70974533544,3,93517329911,2023-06-08
70974533544,5,,2023-10-17
70974533544,6,88265059699,2023-07-27
97543307866,13,69320797800,2023-02-07
98359261155,12,,2023-09-01
98359261155,9,26796930355,2023-12-16
98359261155,15,70334153033,2023-04-19
77763701344,7,,2023-11-19
77763701344,11,,2023-05-25
77763701344,4,53323579233,2023-07-16
55216708400,10,38085445200,2023-04-13
55216708400,13,28055923100,2023-09-26
55216708400,8,82129448599,2023-09-20
31990240500,5,,2023-02-04
31990240500,13,58222718555,2023-02-16
31990240500,7,74212993277,2023-06-16
30234397533,1,23227414188,2023-03-11
30234397533,8,,2023-06-04
80541467288,3,77806391266,2023-10-30
80541467288,16,,2023-09-30
80541467288,5,,2023-04-11
98552147300,16,56472337599,2023-09-25
44062165611,7,66893737466,2023-03-08
54133948700,16,55219064877,2023-09-03
54964016744,6,57478650211,2023-09-16
54964016744,4,,2023-01-07
54964016744,10,,2023-03-02
96852769944,8,75112340111,2023-05-30
96852769944,11,62806466022,2023-05-28
71910867933,2,,2023-06-02
71910867933,3,58200664566,2023-10-12
21595102977,4,,2023-10-13
21595102977,12,82066436722,2023-03-31
21595102977,16,,2023-05-16
21400618611,3,66409671466,2023-10-13
21400618611,4,,2023-10-15
21400618611,15,,2023-11-18
24245959255,3,97575068422,2023-09-29
24245959255,8,17928303944,2023-10-29
81950904433,11,,2023-05-30
81950904433,14,84476549311,2023-02-19
75768221555,2,,2023-07-20
75768221555,11,,2023-05-10
91281733688,5,,2023-09-04
91281733688,7,44743160966,2023-02-06
49417263400,2,87877073733,2023-07-19
90523523300,14,,2023-08-26
90523523300,8,70845406522,2023-06-27
90523523300,5,,2023-06-20
47147637333,2,,2023-01-15
47147637333,13,28621602377,2023-08-02
47147637333,10,49588809255,2023-04-11
32234049100,10,,2023-10-22
32234049100,8,49550162433,2023-08-20
21035976644,1,,2023-10-06
25880195522,14,12013024122,2023-09-03
25880195522,3,14704371477,2023-10-17
44461120744,15,,2023-03-06
44461120744,16,39308417466,2023-07-13
44461120744,12,,2023-11-28
43889717155,8,83678512933,2023-09-23
43889717155,12,,2023-01-13
43889717155,4,,2023-09-13
83057148377,2,18322405177,2023-12-07
83057148377,10,19112389900,2023-06-25
27541791788,15,75082817055,2023-03-08
27541791788,9,,2023-04-08
79864912722,13,,2023-06-01
79864912722,6,85261612888,2023-12-23
95460430366,16,,2023-10-02
10311939011,11,56276854099,2023-11-27
10641636888,2,,2023-09-16
10641636888,9,,2023-09-29
10641636888,6,54163920611,2023-11-21
58784027777,10,,2023-11-09
60754482844,8,,2023-03-27
60754482844,9,18481614844,2023-10-24
49611777688,14,71583453199,2023-10-19
49611777688,2,,2023-05-03
49611777688,15,34201623400,2023-07-27
89611193899,2,17900006966,2023-11-11
89611193899,5,18349257200,2023-01-14
16787316766,9,,2023-08-08
73981959588,3,82064865933,2023-11-30
73981959588,9,,2023-04-06
73981959588,2,65097166077,2023-07-23
40486494933,1,34414382722,2023-08-05
79066926166,3,56472337599,2023-04-12
79066926166,1,,2023-02-27
79066926166,4,,2023-05-01
60588734955,14,60380243100,2023-09-25
60588734955,15,,2023-02-25
60588734955,5,11316344622,2023-06-04
95069669077,12,,2023-05-14
95069669077,10,,2023-04-21
15379506900,8,,2023-05-26
15379506900,13,,2023-12-24
47932028299,2,,2023-12-11
54119379300,14,97800245811,2023-10-08
29606406833,8,47921569477,2023-01-31
71260250500,8,,2023-01-08
71260250500,14,61146877600,2023-01-03
25592643588,6,29214546611,2023-06-12
22115437744,8,84676520200,2023-02-06
98809290800,12,,2023-09-29
98809290800,6,50492359600,2023-05-13
86394653477,8,64046946033,2023-12-19
35847785300,6,29379772277,2023-11-03
74593292400,5,,2023-06-30
74593292400,3,,2023-04-04
50314538933,11,,2023-06-26
54301588799,6,,2023-11-14
54301588799,3,,2023-03-22
54301588799,8,25325986200,2023-06-21
48432418300,7,,2023-12-14
48432418300,14,,2023-06-01
67150878066,11,85278269688,2023-01-10
67150878066,8,,2023-08-10
67150878066,10,,2023-08-02
97119910477,8,,2023-06-12
97119910477,3,40401893700,2023-01-21
97119910477,10,,2023-06-20
21429023088,4,72619138800,2023-01-06
21429023088,16,66051214655,2023-03-24
66954908800,11,,2023-12-14
66954908800,15,,2023-04-16
60368842144,14,48557928377,2023-05-31
60368842144,10,,2023-08-23
79714736999,3,,2023-08-02
22068072388,7,73760081600,2023-02-07
22068072388,15,97810506599,2023-10-16
95468635211,15,,2023-12-15
18098698200,6,62700007266,2023-07-04
18098698200,13,,2023-12-20
14709724411,16,,2023-07-02
53654857000,6,,2023-05-26
53654857000,4,,2023-12-26
12277487955,12,49112969766,2023-02-14
35076597511,6,47966093699,2023-12-29
35076597511,2,89953733855,2023-05-30
59084860866,9,,2023-06-13
59084860866,11,,2023-02-05
59084860866,16,,2023-04-10
95169003133,15,87792572088,2023-11-24
95169003133,8,,2023-08-19
61839462900,9,75308029688,2023-06-22
61839462900,8,52998565800,2023-06-20
61839462900,1,,2023-02-10
41775304688,5,66888441500,2023-12-03
35487015588,4,84721188000,2023-04-07
35487015588,14,,2023-10-27
86885756499,14,84395260599,2023-11-07
86885756499,6,44021724700,2023-08-28
86885756499,7,20530429311,2023-11-16
24226349666,7,,2023-02-22
24226349666,16,,2023-07-26
39094936533,16,98165693377,2023-10-19
22381158977,9,,2023-04-05
22381158977,3,69421992499,2023-06-27
22381158977,11,,2023-02-16
46809114333,3,,2023-11-26
46809114333,1,,2023-05-15
36698387677,1,56665669466,2023-05-20
36698387677,8,,2023-08-01
45957520166,16,,2023-04-24
45957520166,14,,2023-01-08
96498627222,6,36382327433,2023-05-05
96498627222,12,27210971211,2023-08-07
96498627222,9,,2023-06-07
50785620600,3,,2023-01-06
41706966033,3,,2023-01-15
41706966033,15,,2023-07-12
61691006800,10,40958656600,2023-12-20
10467335833,12,,2023-02-19
10467335833,10,,2023-08-04
10467335833,3,,2023-09-19
56138775566,10,,2023-03-08
56138775566,16,,2023-10-15
20068267788,5,,2023-05-02
20068267788,4,65824801544,2023-12-01
86022492922,2,96488943888,2023-09-08
86022492922,5,87188139500,2023-12-22
86022492922,1,,2023-10-27
18869480622,14,,2023-12-12
18869480622,2,,2023-06-30
18869480622,4,15223881844,2023-08-26
97514796733,5,,2023-07-21
70678488066,3,99960889600,2023-06-28
70678488066,9,73973455733,2023-07-08
60646849177,1,,2023-11-03
26827979388,6,13765711966,2023-10-12
26827979388,4,74519413888,2023-02-27
26827979388,11,45459470855,2023-07-20
50319640655,10,,2023-02-05
50319640655,1,,2023-09-09
50319640655,13,42510576788,2023-07-08
81597952466,15,82752962422,2023-09-30
81597952466,13,,2023-04-13
81597952466,5,,2023-05-30
58521941666,11,,2023-01-23
48964490377,4,11796903899,2023-12-16
21750971533,8,,2023-12-11
92338550588,8,99128757022,2023-01-10
87555012577,3,62783415066,2023-03-29
87555012577,11,,2023-11-21
56624005477,1,59968022877,2023-03-31
91334953866,1,59218845299,2023-02-02
91334953866,8,,2023-08-05
37541390455,3,71939764433,2023-05-13
75864738033,7,47617543899,2023-08-26
62012545600,1,,2023-09-16
62012545600,7,58225514755,2023-03-13
62012545600,10,,2023-09-23
23965364433,7,34317559255,2023-06-16
23965364433,11,88516298200,2023-04-13
23965364433,14,76722362022,2023-12-10
10825140399,4,,2023-09-20
48674260911,16,37226626566,2023-11-29
48674260911,1,36579030544,2023-08-01
78914741411,7,20535372488,2023-03-26
78914741411,10,94365521655,2023-01-12
83897116999,5,13104935100,2023-12-17
39682630655,7,,2023-03-15
58738954144,2,,2023-10-09
45550386144,2,12747383933,2023-07-14
51777874944,11,,2023-08-08
51777874944,9,,2023-03-19
51777874944,5,,2023-09-14
16368433600,16,,2023-03-10
16368433600,4,27175638733,2023-08-18
60557319677,3,,2023-05-07
60557319677,1,82362671800,2023-06-14
57552701477,8,77027550599,2023-03-17
57552701477,7,92913160911,2023-09-06
57552701477,6,,2023-04-22
40278603066,6,,2023-06-23
40278603066,7,62372761222,2023-05-03
40278603066,8,22489025655,2023-12-04
52772143133,16,12463497288,2023-12-13
52772143133,8,53559671599,2023-01-18
14845085055,8,25702249366,2023-07-21
99199452344,1,,2023-05-19
99199452344,4,48262612255,2023-08-05
99199452344,5,27382711700,2023-08-10
90967879600,8,,2023-12-28
90967879600,9,20794737355,2023-04-02
90967879600,1,,2023-05-25
79731343444,2,,2023-09-05
79731343444,6,61685369733,2023-02-25
79731343444,7,,2023-07-03
36036144533,9,,2023-10-10
27819495155,13,22963671277,2023-09-05
65207490799,15,25679778133,2023-10-20
65207490799,4,,2023-12-10
42566578944,5,,2023-12-10
42566578944,4,,2023-07-07
82405332999,14,,2023-12-28
82405332999,13,,2023-08-28
82405332999,3,99480779388,2023-06-05
90162285511,7,,2023-09-07
90162285511,5,79526433200,2023-12-27
74358802055,8,,2023-01-30
78466234199,1,,2023-09-14
77056007222,16,63942342300,2023-06-04
48789509433,14,,2023-03-06
48789509433,7,,2023-12-11
48789509433,1,,2023-09-21
36656328622,6,,2023-10-21
32094293755,4,73081443566,2023-10-04
32094293755,8,72535140766,2023-05-15
25242105966,5,61077066155,2023-10-23
25242105966,12,80740246955,2023-12-26
77325483455,1,,2023-01-31
77325483455,3,71010142599,2023-06-15
78594987311,9,21977085899,2023-10-26
78594987311,5,,2023-04-14
78594987311,16,62928798366,2023-05-30
31137006044,7,,2023-05-26
89796139466,11,,2023-09-11
89796139466,9,,2023-10-01
92431486722,14,94781254788,2023-11-23
81034643099,13,,2023-02-19
85952836211,1,75781619977,2023-09-20
79188482688,15,21448150899,2023-09-26
49056663333,8,31930216444,2023-12-10
49056663333,10,,2023-02-22
37747380766,4,89981272700,2023-03-06
37747380766,10,,2023-12-30
73349650355,14,33538721599,2023-06-12
42408481999,10,80806935288,2023-09-18
83158108399,10,72496462811,2023-11-05
83158108399,9,89604832066,2023-12-01
39919216000,8,,2023-06-02
96183359766,11,36101834977,2023-05-25
96183359766,15,,2023-03-02
96183359766,3,93561888311,2023-03-13
45672821166,2,,2023-06-22
45672821166,11,11038726644,2023-01-22
45672821166,9,,2023-02-20
94589180655,9,81475111599,2023-06-17
94589180655,14,,2023-03-31
94589180655,8,33608455444,2023-03-02
83424838600,13,,2023-06-30
83424838600,6,,2023-02-22
34006666377,4,,2023-04-11
83983395511,2,86018338022,2023-02-15
93014286444,4,,2023-08-05
94122435455,3,,2023-03-22
94122435455,14,51257140033,2023-03-19
73082467366,4,98662720366,2023-03-23
73082467366,6,,2023-11-14
73082467366,14,22964427222,2023-10-22
77441956711,1,,2023-05-08
77441956711,14,,2023-03-19
74662871155,1,98727588400,2023-11-07
74662871155,12,27720409099,2023-04-09
86424110744,14,10853144999,2023-06-20
86424110744,8,,2023-04-22
86424110744,16,,2023-09-21
22699387988,12,81360410400,2023-03-22
22699387988,14,,2023-09-22
84953215300,10,50288791500,2023-07-22
84953215300,11,92554645900,2023-06-27
49613763299,15,81974611988,2023-03-02
49613763299,3,,2023-01-02
57477705944,6,76035109299,2023-11-10
70830317899,3,37137876200,2023-12-06
70830317899,4,,2023-10-24
70830317899,16,33383708811,2023-11-02
59931968588,10,83498192355,2023-11-08
59931968588,6,90033042200,2023-11-21
88174257966,2,,2023-07-29
88174257966,15,,2023-12-10
88174257966,1,,2023-07-06
61777127033,4,14795363777,2023-04-29
19292800333,12,,2023-01-07
19292800333,2,63321880577,2023-10-08
76431107511,3,56935197911,2023-05-25
74004014088,11,28941729822,2023-08-01
74004014088,2,,2023-08-15
74004014088,1,39564212055,2023-05-25
74646805966,15,73969132177,2023-08-21
74646805966,8,25316748299,2023-10-09
74646805966,7,90362672422,2023-05-03
54415860366,15,95165163433,2023-01-26
54415860366,5,,2023-01-27
43935935533,14,14328197555,2023-04-05
75980638000,12,46814864000,2023-05-22
53326475655,10,63494448844,2023-02-06
31484495922,11,38121251700,2023-03-04
80493444600,16,93131849233,2023-02-10
80493444600,13,58110500622,2023-07-04
25795185500,16,36881465066,2023-02-18
25795185500,11,36553966600,2023-12-09
25795185500,8,58234002844,2023-06-07
42995521133,3,11973139233,2023-09-17
42995521133,5,64678194111,2023-07-02
42995521133,1,,2023-12-02
88830233155,2,,2023-04-18
42510721899,3,,2023-06-23
42510721899,4,,2023-01-06
41221717411,5,84278392511,2023-01-07
41221717411,11,31021765344,2023-06-06
20456895222,6,55012130955,2023-12-21
76460817288,14,51877191144,2023-08-28
76460817288,12,,2023-05-22
76460817288,5,,2023-11-26
99724509533,10,57022019300,2023-09-09
99724509533,16,42082361677,2023-07-07
99724509533,2,12867995700,2023-08-17
30590776733,13,85972018199,2023-02-22
79223169500,8,65250196055,2023-02-10
79223169500,5,91074167333,2023-11-10
79223169500,16,84008405699,2023-09-10
32681278433,15,49776486500,2023-05-06
32681278433,12,79847589133,2023-08-18
32681278433,11,42471061988,2023-06-07
17433190455,16,,2023-11-20
32593235388,8,,2023-01-22
32593235388,10,,2023-08-08
12308061055,9,,2023-10-29
12308061055,14,,2023-11-04
12308061055,2,,2023-01-11
38362779644,15,,2023-12-18
88116838233,9,,2023-06-30
31157528222,8,,2023-11-02
19602492822,16,41259807566,2023-10-22
19602492822,7,,2023-11-26
71871047744,13,72423488700,2023-09-06
71871047744,4,72841685366,2023-06-01
71871047744,7,78853223600,2023-06-11
71238779933,5,,2023-04-23
33426318722,15,60743487155,2023-07-17
33426318722,8,58785815233,2023-10-29
51041272733,5,21311313133,2023-01-27
51041272733,10,,2023-06-27
79229382766,16,,2023-09-27
79229382766,13,,2023-09-15
33945161366,3,,2023-02-13
68633638100,4,,2023-12-01
68633638100,2,,2023-10-09
68633638100,16,54347561188,2023-04-27
51024942288,9,71359875199,2023-05-02
51024942288,15,97333771477,2023-05-27
91205167200,3,38959957977,2023-05-15
58202810711,16,,2023-06-29
58202810711,12,,2023-09-17
58202810711,2,75553828144,2023-04-02
50947851688,15,,2023-06-15
26010831588,6,,2023-01-10
63368094200,10,,2023-04-11
63368094200,14,85778240555,2023-05-06
57527500166,14,58168459188,2023-10-13
57527500166,9,,2023-06-04
57527500166,13,34972669733,2023-09-06
83127585699,1,72132126566,2023-07-05
28445186488,8,72955922377,2023-01-26
28445186488,10,87147530900,2023-08-03
62573445733,7,11151316055,2023-10-07
62573445733,3,14892890388,2023-05-03
79144959211,1,,2023-07-19
22130397399,1,43286475200,2023-07-28
36556238600,6,,2023-08-04
36556238600,7,,2023-04-08
96258134033,4,83765558477,2023-12-07
96258134033,9,45357059333,2023-06-02
96258134033,10,,2023-12-10
74935172311,16,,2023-10-19
51090372133,5,,2023-10-25
51090372133,15,21814402122,2023-03-01
51090372133,1,17174879200,2023-05-27
19274985388,14,17691009111,2023-03-10
77149858877,1,60847727222,2023-02-18
77149858877,6,,2023-06-01
77149858877,3,,2023-04-22
11127446655,2,,2023-06-25
79819664344,12,82734110444,2023-03-31
79819664344,5,27726330044,2023-11-20
79819664344,6,96461119988,2023-02-28
37671879577,5,,2023-07-15
77637076311,15,28578990333,2023-11-07
77637076311,7,,2023-03-01
71629784522,16,88261747177,2023-02-05
71629784522,2,,2023-03-18
71629784522,15,79074525544,2023-03-30
35765512988,15,,2023-07-04
35765512988,14,47063364300,2023-07-03
38571153000,16,91078830133,2023-05-09
38571153000,5,,2023-12-28
38571153000,2,,2023-10-31
75255267888,14,91630477800,2023-08-23
75255267888,9,67839852611,2023-02-08
19552728911,8,15413328066,2023-02-19
19552728911,13,93375235233,2023-05-13
44507747100,4,,2023-12-30
44507747100,6,,2023-04-09
59550931688,4,38651735000,2023-04-25
57322018900,11,28578990333,2023-05-13
57322018900,12,,2023-04-13
23989294266,5,,2023-05-08
23989294266,15,,2023-07-02
89801010744,15,,2023-03-07
50399048199,7,,2023-09-10
50399048199,3,17792006844,2023-02-13
50399048199,5,,2023-12-01
57023148599,11,,2023-03-03
34219489922,2,,2023-03-25
34219489922,8,,2023-05-26
34219489922,1,58595292100,2023-03-29
78719220411,2,,2023-10-05
78719220411,10,,2023-02-12
67460114533,14,,2023-12-30
67460114533,3,,2023-07-11
57417377655,9,,2023-11-27
57417377655,3,,2023-04-07
57417377655,10,,2023-11-23
51146639099,3,63729330555,2023-12-22
51146639099,6,,2023-05-16
94588618611,12,,2023-08-02
94588618611,7,,2023-01-06
94588618611,2,,2023-11-09
72443243088,7,94302560500,2023-01-13
77478064699,10,47476612800,2023-04-28
77478064699,12,99843222544,2023-07-12
77478064699,15,13765711966,2023-04-16
89596700499,2,15771168288,2023-05-30
89596700499,11,,2023-12-09
89596700499,1,93657503699,2023-01-12
38001564155,9,,2023-12-04
38001564155,12,47811856066,2023-12-15
19038846833,4,18107346733,2023-05-27
22564948966,3,28332085299,2023-02-14
22564948966,10,,2023-06-29
23446941377,16,58675238455,2023-04-15
23446941377,12,,2023-03-24
23446941377,1,49236638044,2023-02-02
28546943766,6,31174320433,2023-03-27
28546943766,12,43197705011,2023-06-28
93029161899,4,73320469033,2023-06-25
93029161899,12,57937533033,2023-08-27
93029161899,13,,2023-08-19
76249758400,3,,2023-04-08
24415396044,13,,2023-11-06
17001324155,11,15143152111,2023-04-09
89518476088,13,74998383744,2023-09-21
13879022455,15,88084248988,2023-02-27
13879022455,8,,2023-01-13
19709137111,14,58443619033,2023-09-28
19709137111,1,,2023-05-11
19709137111,8,,2023-06-03
88535929822,1,77492105555,2023-02-22
88535929822,10,,2023-05-10
88535929822,13,76178786133,2023-02-03
57178886433,12,79357587866,2023-11-18
47578542777,1,35390262233,2023-03-27
47578542777,5,66244798766,2023-01-04
92068898188,3,24481143400,2023-09-11
92068898188,7,32200096111,2023-12-26
10418307266,9,,2023-04-29
66482709188,1,,2023-05-22
66482709188,13,,2023-06-20
52462384077,5,92857821833,2023-12-18
34234464200,4,28736611866,2023-02-14
89528673788,4,59373398511,2023-08-17
89528673788,2,45902916222,2023-07-05
20436207700,10,50814098122,2023-09-30
20436207700,15,56814802833,2023-01-11
20436207700,12,50846422400,2023-10-18
72686514222,5,15585499355,2023-08-22
72686514222,2,81435067899,2023-08-07
72686514222,4,,2023-04-17
93803451600,9,,2023-01-15
35228400622,3,,2023-06-10
99944980611,15,25979230888,2023-02-03
90695602833,10,82792601888,2023-02-08
90695602833,6,,2023-04-02
90695602833,14,74048026100,2023-01-08
14468418555,6,,2023-11-17
79382983288,10,45740746633,2023-07-27
71452372377,15,53487368055,2023-06-29
71452372377,13,,2023-12-28
43506736366,14,,2023-05-01
43506736366,3,,2023-12-06
70306188400,11,28390519400,2023-07-10
75457348900,7,36751378133,2023-09-03
75457348900,1,,2023-07-26
75457348900,14,,2023-12-19
81968619077,16,,2023-02-16
62917795100,10,80738043955,2023-11-20
35781978077,13,,2023-04-30
98780665766,5,,2023-04-28
98780665766,7,,2023-07-17
90007628800,15,42761467555,2023-10-08
90007628800,12,,2023-01-08
13799033277,9,,2023-02-23
13799033277,8,63819065533,2023-03-24
13799033277,2,92409090288,2023-08-30
55463769299,15,30743642388,2023-04-11
23076253211,11,69452964233,2023-09-04
23076253211,15,,2023-01-26
87284869000,14,,2023-11-30
87284869000,4,,2023-07-03
87284869000,7,19502543644,2023-06-09
67132611244,14,28929278977,2023-06-26
60135564666,16,13487026133,2023-01-02
60135564666,9,,2023-11-12
60135564666,10,94619765422,2023-07-18
71207794511,7,,2023-01-27
71207794511,4,,2023-06-01
71207794511,10,,2023-04-14
73370127300,12,18835588322,2023-07-17
73370127300,8,,2023-11-06
73370127300,9,,2023-11-12
90214179877,6,,2023-05-31
90073098700,8,31415732633,2023-03-18
27963806100,11,,2023-08-13
82345545300,2,,2023-12-30
59090084044,1,90071431400,2023-07-04
59090084044,3,,2023-07-21
59090084044,15,,2023-02-12
49414239500,15,,2023-03-17
49414239500,7,,2023-03-30
49414239500,14,,2023-07-11
21106847988,3,,2023-09-24
21106847988,2,75351096911,2023-06-20
90274510799,6,,2023-08-22
90274510799,4,23200203577,2023-09-26
93123481677,2,93081597544,2023-07-14
95413522788,6,,2023-03-12
22239757988,7,83820937444,2023-06-23
22239757988,10,72544358977,2023-03-14
22239757988,11,29200807844,2023-01-26
87943852544,9,,2023-06-05
87943852544,10,27578420566,2023-03-03
87943852544,13,39486067655,2023-03-14
73038918388,13,,2023-11-23
61780806466,12,47539630477,2023-05-26
61780806466,3,65915088211,2023-11-23
90742259000,10,24414088444,2023-12-08
90742259000,4,,2023-10-27
90742259000,3,11132643144,2023-01-11
69981062977,2,,2023-04-11
37114511288,14,96897299266,2023-10-02
37114511288,5,,2023-03-20
98052858399,1,55824897700,2023-03-29
98052858399,15,17560953888,2023-07-05
98052858399,6,91744204455,2023-05-03
70095237977,11,86377395044,2023-03-16
70095237977,8,,2023-01-17
23745536555,15,93081597544,2023-07-30
23745536555,3,38255635100,2023-10-20
23745536555,9,32194043677,2023-05-04
50594957955,6,39717990788,2023-05-09
50594957955,4,81760140600,2023-10-05
50594957955,15,93761092100,2023-11-12
73666908800,13,,2023-08-19
73666908800,4,,2023-07-08
90129678722,6,,2023-02-06
90129678722,3,,2023-07-24
90129678722,1,,2023-07-07
64915798322,6,,2023-06-26
64915798322,2,46984963655,2023-08-11
24336704622,8,70219394855,2023-07-11
24336704622,7,98523436966,2023-05-18
43008760022,2,23397038755,2023-04-15
89617585944,11,,2023-05-12
66752719899,10,,2023-03-16
66752719899,5,39212521211,2023-11-02
66752719899,2,,2023-02-10
44517427144,15,,2023-05-21
44517427144,5,,2023-02-23
48411378588,13,,2023-06-16
48411378588,14,,2023-11-24
36426523522,8,,2023-08-03
36426523522,5,,2023-07-23
36426523522,6,25982513500,2023-05-27
32758503933,1,38893052022,2023-09-20
32758503933,13,38963592077,2023-10-13
32758503933,12,,2023-03-11
39439251299,12,,2023-08-06
87666485133,13,34750888600,2023-04-11
87666485133,6,,2023-09-24
77357001566,1,,2023-07-09
77357001566,6,,2023-12-16
63677079055,9,61495442144,2023-08-18
60455037677,5,56933720222,2023-08-31
60455037677,10,85629019111,2023-03-27
85605028155,8,,2023-03-21
85605028155,14,,2023-02-27
85605028155,15,,2023-09-25
20042098100,4,58786521611,2023-12-13
89836609611,5,12013024122,2023-02-09
89836609611,13,32925092111,2023-08-30
30911908466,11,,2023-07-14
30911908466,1,,2023-01-02
30911908466,5,,2023-07-31
86811279699,12,,2023-06-08
86811279699,1,87837865899,2023-06-09
86811279699,3,,2023-02-06
42270948011,12,19819421066,2023-02-12
42270948011,3,31361729222,2023-06-24
42270948011,9,91779771066,2023-01-12
70558593100,2,,2023-09-27
70499112166,14,,2023-04-13
15487354500,1,66584314266,2023-08-09
71331212477,12,,2023-08-08
71331212477,4,58683272099,2023-04-15
71331212477,9,,2023-10-22
87407893499,2,41589259755,2023-06-26
87407893499,12,37787648700,2023-10-07
19151584600,3,,2023-02-18
19151584600,6,98007069333,2023-12-15
19151584600,9,88855590500,2023-12-25
99775400477,1,29071064222,2023-07-09
99775400477,11,,2023-01-10
85468621766,10,23549503577,2023-07-13
13116619644,3,70965137522,2023-06-21
13116619644,16,63949848688,2023-02-16
18496905966,15,69307490799,2023-12-23
18496905966,16,,2023-01-20
53421208299,6,55605880088,2023-12-04
53421208299,11,,2023-11-14
17058308200,16,,2023-03-25
43142623622,13,67345947500,2023-09-24
43142623622,11,86063911311,2023-11-03
40481585033,11,40909062888,2023-08-30
15490384433,1,69784166499,2023-06-16
15490384433,9,12135546599,2023-02-27
15490384433,16,20519761044,2023-05-23
20700123366,11,,2023-08-22
20700123366,3,45178145722,2023-11-28
20700123366,10,,2023-03-31
13690176933,5,80475452722,2023-03-19
13690176933,6,10251239566,2023-07-03
27236779666,8,,2023-01-31
65307811299,9,,2023-09-17
65307811299,1,84808877533,2023-08-13
56050462333,6,83078962588,2023-09-30
56050462333,8,44034557433,2023-06-18
52374268166,11,98651462077,2023-10-08
52374268166,13,,2023-01-14
40352585200,1,,2023-07-30
40352585200,4,59315251811,2023-04-24
76794658788,13,,2023-07-06
76794658788,12,,2023-01-06
35521161844,16,35480731588,2023-11-28
35521161844,13,,2023-12-18
65778223955,6,99349462033,2023-07-28
65778223955,4,,2023-09-07
99253204700,7,,2023-08-03
99253204700,13,,2023-12-03
16044686377,3,,2023-01-01
83221003455,9,,2023-04-27
25832295400,10,43594741300,2023-12-22
25832295400,15,54059225877,2023-07-08
25832295400,1,45410651777,2023-08-20
76736465522,10,,2023-09-27
76736465522,13,39410072622,2023-08-05
24720016900,13,72155888400,2023-02-27
24720016900,1,,2023-07-22
60411042488,4,59389037422,2023-07-21
60411042488,15,,2023-04-16
60411042488,5,75656870144,2023-08-03
94102179977,3,20733726355,2023-04-21
94102179977,16,80816667888,2023-03-24
94102179977,11,,2023-12-16
76775423600,10,,2023-06-20
17146623300,11,14914771055,2023-02-17
17146623300,14,72432441222,2023-07-21
17146623300,16,11198861633,2023-11-27
93251801200,11,,2023-06-19
29580862322,9,94160747488,2023-08-20
68050364611,2,24727850544,2023-05-12
68050364611,9,,2023-05-06
79354701033,2,,2023-01-28
79354701033,3,12402870622,2023-10-27
12357699500,2,,2023-11-22
12357699500,6,79625913822,2023-10-11
12357699500,5,,2023-10-04
97985786511,1,53531945600,2023-04-24
54264653800,1,,2023-09-18
54264653800,5,69106794900,2023-01-23
82128765866,15,,2023-03-22
82128765866,12,99186424677,2023-07-10
82128765866,8,,2023-07-13
80148926077,8,,2023-10-18
80148926077,9,48309787322,2023-11-29
84798792466,9,61086456600,2023-08-05
84798792466,7,,2023-06-18
84798792466,3,,2023-08-15
52198022911,14,41858011577,2023-05-26
52198022911,12,,2023-05-18
10910355399,12,79822305044,2023-09-02
10910355399,10,58165941688,2023-08-05
10910355399,5,17630573800,2023-08-21
30022949188,12,,2023-05-11
30022949188,5,94561605644,2023-05-04
30022949188,4,86095668388,2023-05-15
96236260533,4,,2023-06-17
96236260533,8,89840113988,2023-05-31
15750981999,4,66272639477,2023-05-07
15750981999,10,14212693844,2023-07-26
84938656133,12,,2023-09-04
64852314044,15,,2023-01-21
64852314044,6,30945659800,2023-09-16
56351112466,10,,2023-09-15
56351112466,3,,2023-01-28
45345073488,16,,2023-07-06
45345073488,2,,2023-10-22
45345073488,5,89806206400,2023-05-10
80125044211,6,63177397066,2023-06-29
45744502400,1,51341060100,2023-10-14
45744502400,2,23604881800,2023-10-31
92818179422,13,,2023-11-29
92818179422,10,,2023-12-13
92818179422,3,,2023-01-23
40076677800,14,55318990766,2023-01-05
40076677800,15,96469561577,2023-10-21
74098374899,12,14238570544,2023-11-14
74098374899,14,30996086888,2023-03-26
74098374899,4,43227431299,2023-01-26
56381684866,13,,2023-05-12
56381684866,3,33763663300,2023-06-23
71288663100,16,77030235666,2023-03-01
71288663100,5,,2023-08-18
58898443422,2,79517070311,2023-06-27
69427428800,8,,2023-05-17
69427428800,5,,2023-08-30
89248624800,15,,2023-07-02
79808088788,13,65616656511,2023-07-10
21838755422,11,67750001899,2023-04-03
70040682777,2,,2023-12-01
75318280499,7,16306721900,2023-12-07
75318280499,12,,2023-01-04
75318280499,6,38109151900,2023-12-03
40223666644,16,20233827344,2023-10-01
40223666644,10,,2023-05-26
40223666644,14,50020389133,2023-07-24
71450376377,3,50485364288,2023-09-05
47646372866,5,10511931177,2023-09-06
47646372866,3,44214054266,2023-12-25
99907024111,12,31143002277,2023-11-07
99907024111,3,83355044311,2023-11-06
45389377111,8,,2023-02-07
45389377111,3,,2023-12-30
45389377111,5,17129625233,2023-03-27
13506872511,8,,2023-04-28
13506872511,10,93631350044,2023-12-12
15970158655,16,27459450099,2023-07-19
62632123222,13,,2023-01-01
62632123222,9,14431836100,2023-11-26
22470047333,1,12613467000,2023-04-27
22470047333,6,28627365622,2023-03-03
22470047333,7,97692408777,2023-03-03
78661233499,4,32224323922,2023-08-12
78661233499,11,25316748299,2023-02-03
27658407255,7,,2023-09-01
39102354844,2,42149144144,2023-01-20
39102354844,12,24556551211,2023-11-28
39102354844,15,28332085299,2023-12-26
81566802355,3,,2023-06-13
82356024400,1,33708557399,2023-02-04
82356024400,13,,2023-05-24
82356024400,16,87135323244,2023-10-20
53249856355,10,57540187622,2023-04-05
53249856355,12,62176131155,2023-09-02
53249856355,6,63702416100,2023-06-26
48520767311,6,68678448800,2023-02-20
48520767311,4,,2023-01-24
34743334299,6,52283429666,2023-06-26
34743334299,14,,2023-10-28
30286103455,16,,2023-04-13
30286103455,13,26796930355,2023-10-11
30286103455,10,75084357611,2023-11-09
99736727200,1,,2023-08-04
99736727200,14,69589069188,2023-10-27
66853560900,16,47572855822,2023-08-13
66853560900,11,,2023-07-02
66853560900,9,38040630399,2023-03-03
55182182577,15,,2023-12-26
55182182577,7,48944379700,2023-06-27
55182182577,16,81996641000,2023-06-25
69562637422,5,,2023-05-18
49153831566,5,23379565711,2023-12-31
49153831566,14,,2023-10-25
66694009266,8,,2023-06-22
66694009266,14,42981947600,2023-06-11
61804403011,5,,2023-07-20
61804403011,7,,2023-06-08
65917349022,5,61498050777,2023-05-01
70571779766,13,,2023-02-16
84717913588,5,,2023-02-23
84717913588,7,55336821800,2023-05-18
58294558466,3,53651862811,2023-05-13
58294558466,11,57466391688,2023-11-10
58294558466,13,78284092144,2023-01-19
61272367544,5,,2023-11-21
53913915399,1,84893276611,2023-02-04
85805112911,6,,2023-07-07
14311055200,13,20233827344,2023-05-10
14311055200,14,95417449077,2023-12-02
12278191966,8,,2023-11-29
12278191966,13,21022901744,2023-12-05
12278191966,11,87580236822,2023-01-03
44817083366,4,,2023-08-01
63847089811,7,18908950911,2023-11-21
63847089811,9,25140678044,2023-12-13
63847089811,11,98106972288,2023-12-05
51290470955,14,,2023-01-11
51290470955,9,26926395377,2023-08-14
51290470955,1,,2023-06-28
91202301411,3,,2023-02-15
64825818977,12,83642016544,2023-06-14
62701394144,13,,2023-07-25
62701394144,12,,2023-10-04
62701394144,11,56081038077,2023-09-03
17573192399,5,,2023-06-20
17573192399,6,,2023-02-15
60717720366,10,53457502700,2023-11-18
24830162866,13,27054825044,2023-11-15
24830162866,11,36591102800,2023-06-04
92055635877,2,42332772466,2023-07-07
92055635877,16,,2023-06-21
92055635877,3,91630477800,2023-05-06
17363380800,12,41728121200,2023-12-20
67072496499,13,,2023-05-21
42575851966,7,,2023-08-22
42575851966,10,,2023-08-24
29957615766,5,91911585911,2023-01-20
81196832500,16,,2023-05-22
28123265222,8,,2023-03-20
69619127377,8,,2023-08-31
69619127377,14,,2023-12-16
69619127377,6,,2023-03-26
88458988655,11,48200411344,2023-06-30
88458988655,15,79068989311,2023-11-09
26486392688,9,59930554644,2023-11-29
20148831811,10,,2023-10-20
20148831811,15,65408223833,2023-11-13
20148831811,7,,2023-10-22
21391788400,10,88252721466,2023-07-22
21391788400,2,49918231888,2023-02-09
21391788400,14,,2023-07-31
99875106200,12,,2023-01-13
99875106200,16,68884173799,2023-10-13
99875106200,11,,2023-03-22
73998247899,10,16659149122,2023-05-24
45510039055,2,,2023-06-29
45510039055,15,,2023-10-29
45510039055,10,,2023-10-31
16891566788,7,,2023-10-31
66610896955,16,98658900899,2023-05-09
66610896955,4,51408587200,2023-12-08
66610896955,3,,2023-09-21
42826886377,10,,2023-12-17
87063135400,6,,2023-05-29
87063135400,8,42758659011,2023-04-07
87063135400,16,,2023-02-17
61307871200,4,,2023-08-24
30760898977,13,,2023-05-04
30760898977,7,,2023-04-15
30760898977,4,,2023-06-29
41853378333,15,,2023-10-10
41853378333,1,,2023-04-24
41853378333,13,,2023-02-15
52857707933,9,,2023-01-20
52857707933,4,,2023-12-09
52857707933,7,,2023-02-23
30064624677,11,71444167900,2023-08-23
30064624677,12,,2023-07-26
65187646000,11,,2023-01-10
65187646000,5,,2023-03-05
99209496044,8,,2023-07-26
99209496044,2,69465526011,2023-02-24
99209496044,10,,2023-11-25
20538814700,14,,2023-09-16
20538814700,10,26374524477,2023-11-12
76650457311,4,,2023-06-09
76650457311,3,41988352500,2023-11-26
76650457311,12,80233533144,2023-09-13
75503518133,4,69873902744,2023-08-03
75503518133,10,95463108244,2023-02-09
75503518133,1,,2023-01-19
39315986911,16,,2023-08-08
39315986911,14,63049401577,2023-05-07
39315986911,6,,2023-03-13
40438259277,5,,2023-05-29
40438259277,2,,2023-09-29
75603773199,14,,2023-08-09
93697431200,16,,2023-01-07
93697431200,11,83361748855,2023-05-27
98706536422,3,,2023-04-25
42143304633,8,87026092400,2023-09-03
42143304633,6,,2023-03-03
27399104288,7,,2023-06-17
27399104288,11,87108476422,2023-12-12
33878447277,3,,2023-08-02
39636601633,6,,2023-09-22
50360160500,10,,2023-07-04
50360160500,15,,2023-02-10
79428669555,11,16414175366,2023-01-19
64471336111,1,85468688599,2023-11-30
83020266544,15,,2023-11-19
83020266544,12,67434028266,2023-07-02
83020266544,1,,2023-06-02
77664554044,7,44549294166,2023-01-30
77664554044,1,66707589522,2023-03-09
77664554044,4,,2023-12-26
92084292966,13,,2023-09-07
72146259466,2,96172143855,2023-08-08
72146259466,9,17560953888,2023-08-24
57558704544,6,27507003533,2023-10-16
57558704544,4,37675169266,2023-08-03
60830195755,12,,2023-06-19
42626499622,7,,2023-07-02
42626499622,14,51334192600,2023-02-17
42626499622,3,,2023-01-20
79506049722,15,,2023-07-26
79506049722,5,,2023-11-29
29603420544,16,,2023-10-27
29603420544,10,,2023-11-24
43375982277,3,,2023-09-25
44594415355,9,31650840411,2023-02-07
44594415355,10,62997756100,2023-12-16
44594415355,2,,2023-04-28
77234215833,5,31084994833,2023-02-03
55326145044,2,75915107622,2023-07-31
84900099533,12,86445607199,2023-01-04
84900099533,7,12335718500,2023-11-24
84900099533,4,,2023-05-15
57664375522,14,,2023-07-01
57664375522,1,32901928300,2023-10-15
57664375522,9,72865306311,2023-02-24
15028373822,13,,2023-06-15
71688336699,11,32316322855,2023-11-28
25199750166,9,74686360955,2023-01-22
25199750166,13,,2023-08-18
25199750166,1,,2023-08-11
86451119855,5,,2023-07-17
86451119855,6,,2023-12-25
86451119855,1,68077576544,2023-03-31
