CPF_FUNCIONARIO,ID_EVENTO
79476725633,1313
74044863199,1313
15389392155,1394
51184650955,1394
32884915677,885
39885147488,885
61096320822,885
30161943099,514
30909465644,204
88533380244,1686
48222521677,1241
59057670922,1397
27183392411,1397
59669067777,1044
45714423199,1044
22478414577,1544
30433259822,1722
52233539355,1722
93498008100,699
56442658388,699
41716803366,699
17247912733,1493
50679081300,2210
91832774555,2210
60535791066,1979
56409652900,1979
30547042544,1603
20763955988,1603
27065601777,1603
76243569966,1179
32354129644,1179
97744229299,932
63109192700,932
57172127044,932
31409851855,502
70689375277,502
26153139244,502
15395259611,1211
11600192400,1852
82143015566,1852
32149779700,324
40263166100,324
75589105877,324
15464810877,1161
51701008333,1161
55678006900,1161
32644575477,1850
62718736188,1850
37510975622,1850
80006795822,1704
72670168200,1704
78854618311,1704
33129221944,1189
61519253000,1189
99837910211,1867
73359897011,1867
44316742333,1867
15883145700,428
24346577455,1697
73483704466,2240
96516875766,580
57434071699,580
77766053600,580
95352393500,74
52538092799,160
12192528599,160
23949185866,160
32981794699,702
19422839466,702
70786402688,702
96884224444,1064
71219302000,1064
95789072499,1064
12252808266,962
17373245399,530
13599999144,530
76485594800,530
97019043700,881
76325035799,881
76571013777,1354
77541001344,1354
95160223833,1461
74773897044,1663
73850921877,1663
72404817511,1663
23564606244,2150
13426210933,236
24872543433,236
18529209633,236
56666469155,637
50722445711,637
73123774088,143
81510445199,143
61681574255,1162
46164893000,1162
32684593822,1162
51161752199,1901
63021530777,1901
35354099699,1886
58102917088,1886
67187174799,1886
88307144533,1779
56428646888,1779
50950832211,666
70818699800,666
82052155533,666
11411321844,1604
36985440911,1604
93277868311,1604
51359050811,654
73464630055,2215
82231154411,2215
68241142511,2045
80218694022,27
60681001033,1216
32956193522,1216
22803859100,1216
70071747522,39
24666865388,39
46590686500,39
31830506766,141
28530021955,1664
26434906144,2137
32354129644,1911
12936217222,1911
83479691755,1911
86464031733,661
87688482344,661
69130478199,661
16821597444,674
78854618311,674
34578709933,674
23949185866,1900
24284825300,1844
95572261700,333
48651827488,333
32081674233,333
13118072688,303
17560585122,1995
89551730400,1995
90871416888,1995
17247912733,1912
35467496344,1912
42527587000,1912
90176454900,1803
48291295655,1803
79220622222,1803
88307144533,795
60373401700,795
74355908277,125
32114965566,125
74505158733,2060
19307842955,2060
44030865433,1036
16658155400,1036
68690530900,992
12340680444,992
43636403677,621
32940465377,621
94481365955,1778
90206763933,1778
95847038899,1778
62774127600,1522
25155526099,1522
48222521677,1145
52838119722,1145
75112008500,1145
39781895933,298
33727307399,298
61844668444,2183
84374594600,1568
30260083899,1568
34599930499,2209
43636403677,2209
48284152200,2006
53677793600,2006
65474781733,1622
13010411144,1622
34339278555,1622
36291937577,1725
33372989400,1725
45222223277,1725
67781408600,2226
68435340233,352
45502780055,352
84949931511,352
28763877944,1542
89709390677,2014
16433763499,2112
34665979788,2112
47242671600,1889
47110185300,1889
32425591422,325
64624820288,325
90379627699,325
29834332777,1065
32581457255,1065
90405261500,1065
87356504355,1267
70680502633,1267
95160223833,1267
50929683700,1973
46911396300,1628
32956193522,1628
42795272022,1628
42011570166,294
61500536444,294
10471477188,294
86783619566,1556
52695870766,243
73850921877,243
32294538166,961
59295165966,961
79476725633,1257
13534836300,1257
86444102888,960
18894126600,1988
37853330488,16
80860568300,1766
40075874266,1766
59685293188,943
39194598222,943
13534836300,1476
90206763933,1476
21401665822,1476
73006295477,855
37594889511,1094
45307308400,1094
39973511800,1094
22745391700,1596
40000873044,1596
74149109388,910
49010850933,185
17295099166,1273
65981767866,1885
33699405233,1885
67824401133,2146
92532663255,2146
74018026199,2146
10471539399,1646
91781057066,1646
52829756533,1646
50034786311,535
87116714755,535
59796473844,535
18677213411,1853
89371512788,1853
57227042966,1853
96884224444,903
22355822499,1639
70582321800,1284
92532663255,803
23564606244,803
38372734233,1137
17560585122,1137
24888060055,350
87910116477,350
39885147488,350
60123926211,1761
33509276966,2192
93194215799,1428
71520516588,76
27074842611,154
38981318666,154
97936799566,1578
68454867944,990
63071742855,990
38695956633,990
83715594100,927
37316453000,927
47028166244,927
84263807277,1005
39603912422,2002
44930704044,1127
17708613866,1127
86939734877,148
31783871966,1896
74077526800,854
72540336599,854
73633405600,182
54273699700,182
34905446766,182
86974153655,882
26996234400,344
90128705266,1072
60934661244,292
64005676233,292
39966102622,1786
69698241366,1786
51359050811,2195
72206176666,2195
53677793600,2195
46824558855,329
49584346744,329
48710274655,966
40081877311,966
61500536444,966
74209529300,1336
94182419600,1336
87171031855,1336
51289771455,737
91511164211,737
42398310400,2061
31409851855,2061
37956200233,554
53694096844,664
73402515022,184
50903278588,184
24303545355,1003
63071742855,796
10014309566,796
95019431199,1951
28257258466,1951
20763955988,526
98816176344,526
37047704188,526
53030346822,683
63793710955,230
93831814355,230
26165490266,230
84761502888,215
49986192177,215
79689462555,993
97343546399,993
54273699700,993
14985397855,1611
71388663566,1611
61500536444,1611
42796192633,2166
41976406844,1730
92635131711,1987
30173475599,1987
15115515699,1987
78900704388,2032
73390390666,2032
13823982988,2032
90306391800,106
97583651344,106
12232196311,106
38372734233,1717
30260083899,1717
86963813866,978
74375838366,978
22411765911,978
41371912477,2179
93057830666,2179
63222694966,778
32010737255,778
71205277622,778
11143165988,836
30018242477,1982
73390390666,1982
15170059577,1982
13574841277,363
84211611300,619
59441110200,619
96755172800,245
56760562588,245
93831814355,245
37879947855,2041
37517344733,1224
17942186377,1224
61127982633,1491
35329054699,1491
24192806444,1491
60473270799,1171
49860603099,1629
90405261500,1629
43082297077,1629
47858480811,1822
99945435399,1822
17049221511,1822
86816090177,1571
94251711066,1571
71123647877,387
26996399077,1449
79836058700,1081
49475982555,1081
93682084255,1130
61500536444,1130
49986192177,1130
15527724033,1226
35185650288,1226
16454850644,2071
31254237833,2071
27318281455,299
71233822344,299
72541953655,299
56984436022,1169
52979202800,1169
66762340177,1169
77197057777,1172
32550705977,1172
86963813866,1441
42672174088,1441
44476372000,1441
52860579699,1055
86974153655,1055
62200293211,2106
81857164122,567
28342656588,1009
74086737333,1009
19195876400,1009
12575287933,156
68454867944,156
96362505966,156
45714423199,1714
68845177511,1295
49000284799,733
54094830222,733
90195837355,733
97936799566,1212
29699403700,929
49452890000,929
22033863200,2164
37665167877,620
69073830122,620
72206176666,1736
37956200233,1736
69138166266,1510
45278707000,1510
60151214322,1510
73492749800,189
52233539355,189
37109163999,189
97441479111,1105
13638913755,1105
81310667899,646
76302623100,1917
46824558855,1917
73739170622,1917
38970056622,434
66462738711,434
30173475599,434
25492904022,1209
64088714022,1209
95868677811,1209
87982686199,1153
52695870766,1153
32659617700,1153
63606221066,41
58960427877,187
93329619211,187
92577334166,187
85015218333,1038
51112424900,785
60681001033,571
95451098900,571
32943575599,1107
77668910266,1468
86086027500,1468
56666469155,1326
93405310000,1326
76718826077,1326
11909360466,494
37316453000,494
28811258244,494
10014309566,2064
79927220788,775
93194215799,775
90007306788,1699
18896151022,1699
47858480811,1235
99184158511,1235
96820100633,1958
65619380388,1958
98691273711,1854
87235017900,1854
44238434633,1069
13914924988,1069
52852985044,1069
37364923599,1883
98691273711,1413
42527461088,1413
58053586200,1413
77434020966,652
26527675777,652
45322658433,652
10905820055,710
89709390677,710
62659669799,710
12022886500,1022
67264384944,1022
88714523133,1737
26434906144,1737
23783864433,1737
31783871966,1650
30433259822,1650
55808805611,1650
51382440511,490
10418996299,490
39966102622,979
16624050300,1188
66441115488,1188
18116469722,588
90961513800,238
87791081644,238
65631759611,577
89923435822,577
30173475599,1862
11086203299,935
76279321222,935
11583585988,420
90871416888,420
75115819600,888
88803936000,888
46678910922,888
16146350566,166
36417370522,1713
16117550777,1960
21036682866,1960
39786914777,1960
11411321844,2108
23077602377,2108
56745941122,2247
51359050811,1644
63127426955,751
53153969677,1010
53232594855,1010
15170059577,1010
54701195999,265
84131803844,265
37510975622,896
12216879644,1479
47274108500,1479
20083392899,1244
86266854599,1244
38301513900,1244
11270065255,902
28342656588,902
93832442755,902
35767000999,85
85998140877,1321
74303098288,658
25485235866,658
47863879911,1420
32684593822,1420
68149816455,498
43521893244,2213
50121224611,1381
25867573433,1381
29255761844,1381
20784998111,767
19805748399,767
95746921088,767
98587371144,2167
78602763644,2167
10014309566,1968
12661022644,1968
18084750899,1968
59409192866,146
27720013000,1103
73775752988,1103
22719463955,1103
72347984555,1289
44030865433,1289
24283244700,130
47845571133,843
51359050811,843
89999777222,1485
55721272999,1485
62488501944,1485
38585560688,636
89080634122,636
23564606244,636
64190704655,1796
18373324955,358
87163230688,358
43636403677,358
24297147877,842
59895469044,1965
29232358199,1965
45222223277,1965
22033863200,1608
67142029466,1608
91511164211,1608
96884224444,541
20083392899,945
35967935300,945
74086737333,201
10546299000,201
35920525199,201
37371928988,50
49138946411,1919
60762604599,1919
70775131900,1919
69616679611,2031
34375499955,2031
24032060755,2031
79149960922,398
56428646888,1978
65529041422,1978
94957192911,1357
18084750899,1357
67292113188,1357
76243569966,821
63133067599,625
74077526800,625
60648091755,625
98587371144,173
69911501855,173
72743084911,173
68577268411,754
82238161300,754
98142988677,754
73305976000,42
46561077433,1652
44238434633,454
32892941966,454
67878984366,693
99501180266,2028
84131803844,2028
46222205711,2028
42983275311,1152
98587371144,1152
43993022833,924
57613483300,924
27918408188,396
36953752800,396
66325348999,396
60757575899,955
97136568300,1748
61449208033,1748
43491582866,1748
73741583000,1057
62258759644,1088
10533394700,1088
21183876799,1088
28811258244,1788
56674524055,1788
83463585399,1776
81690422088,1776
99488441144,1776
56695389866,721
25619144299,1222
68235283700,1222
46680633477,391
27790105333,1255
85435013188,1255
55808805611,1255
24032060755,542
71795990422,1487
82440937733,1487
90405261500,1487
29232358199,891
86939734877,700
19875891811,700
91806816544,700
25867573433,1067
23575313555,1067
42527587000,1126
30952562211,1126
39973511800,1053
98691273711,1053
12936217222,1053
35317656711,1018
49452890000,17
44316742333,17
32919368844,1602
48688514388,1602
98587371144,1602
59304370844,2063
23872149511,2063
96218078677,455
13338513322,455
31058466899,455
47242671600,2138
21502374400,2138
57101376344,2138
85202273688,316
70890584177,1738
51359050811,1738
11397393600,640
35467496344,774
97425199600,774
99184158511,95
76202552066,1905
18894126600,1905
30805248700,1905
35920525199,1503
78978874488,1503
13118072688,5
72206176666,1685
18896151022,1685
41242358955,1685
34905446766,523
19539715711,523
28045509822,523
74574066977,305
85882981711,2125
26996399077,2125
42527587000,1708
85195237811,718
88150777588,718
73850921877,629
56674524055,629
42398310400,629
48126320300,1599
69484681522,1599
79927220788,1037
10234156155,1037
76571013777,2007
34053952088,2007
74491312933,847
79682981566,2113
96218078677,906
22745391700,906
96578878288,925
98142988677,956
95746921088,1569
79149960922,1569
82113129999,1576
85435013188,1576
15755649555,1576
83114554066,703
12451434500,703
24284825300,703
79220622222,1827
50560895911,1827
63222694966,1827
29035138488,723
80561332088,723
37511944600,723
40081877311,151
23495486866,1671
57686246944,1656
41707695033,1656
13259859611,1656
86396948000,208
89176778433,826
56369211955,826
27763808011,826
16624050300,1299
26434906144,1299
29580364133,1332
23763554866,1332
90195837355,1332
84373490444,1279
44030865433,1279
24872543433,1279
94297685222,2074
37853330488,1800
10713187055,1470
44276322700,1470
60012587677,1470
46681107288,598
93962263511,598
98691273711,598
59139363100,432
58029644055,432
88476250255,432
82695227244,2144
13154036255,2144
64475439500,1481
81410253255,584
30153912166,584
48126320300,584
63606221066,2218
63793710955,2218
11270065255,2218
37517344733,1121
32518764066,1121
10713187055,1121
15463710288,1042
59936643555,1042
90128705266,1798
50950832211,1798
50722445711,949
86020004566,949
26901838899,949
71184978866,660
11365121522,660
26317402899,660
50529961877,971
29223677977,971
30173475599,971
44412403333,278
15883145700,1474
93682084255,1474
84031697955,1474
97583651344,1741
14343964522,1112
39033917866,1112
69513990777,1734
95451098900,806
36417370522,806
39838484511,938
67628122288,938
97467450855,1718
67187174799,792
16608522188,792
26996399077,792
46561077433,1787
50107141322,1665
71127537755,1665
77011093900,1665
98691273711,1759
71219302000,1759
25433063744,1759
98451321111,451
38705953888,451
50028469633,2066
68241142511,2066
23872149511,2066
41278405877,657
84694970222,657
57101376344,845
24559931833,845
29580364133,899
60267140222,1194
76252665088,1194
90588279177,1194
39179379800,1755
90206763933,11
79698169244,11
71090384400,1458
46476126944,1458
80860568300,1458
61491894300,2081
57029129933,2081
68196123466,1564
87356504355,1564
44738350144,1564
15389392155,1318
66296664966,438
52093472300,2025
69883591500,722
96149023700,722
35044764788,1541
62192822211,507
69138166266,507
59483627799,1417
32114965566,999
52219393399,999
97674394044,864
30433259822,864
25235857588,2003
32884915677,458
64475439500,458
35967935300,1648
34113082733,707
41976406844,707
37976321500,707
79345428011,1281
40269420666,601
28045509822,601
75460261133,601
12575287933,492
97011498744,492
40075874266,492
12473766133,1642
59295165966,1976
40591744322,1976
78723955255,1976
64728823200,118
61377912033,2047
90195837355,2047
81709415555,2047
19564412988,1846
27720013000,1817
21256318577,1817
43247462144,713
64211450788,713
69872129100,1914
17698375400,1914
60151214322,917
89999777222,917
80298648766,627
97674394044,627
47243279799,627
65744420288,1700
95160223833,2078
35185650288,1495
93814910544,607
34910456577,724
78510520844,724
73305976000,724
42986244555,871
87841141500,871
66355019400,871
48106411633,1519
41749197555,1895
10234156155,1895
73492749800,207
65015589133,207
25235857588,207
65230418166,486
70818699800,486
95451098900,1006
53677793600,1903
99527172377,706
16608522188,706
73305976000,346
15388078400,346
93075133500,346
25433063744,1956
86266854599,1907
35173604144,2197
90454463833,590
98702479466,590
50361198199,590
70063671233,1310
83136965322,574
46561077433,574
36673065122,741
43993022833,196
57767870255,2207
70382389222,2207
50085848122,1489
68435340233,1489
63071742855,1489
98279194666,30
75954193877,1989
27227809177,473
14255061355,1086
82361036411,1086
38904762799,121
79541261700,121
66734398155,121
64841544300,725
22803859100,725
27436823299,2077
16821597444,2077
35242404888,965
28439792777,1066
25155526099,1066
86292105833,1066
65409031111,822
44757505399,2044
50722445711,2044
42527461088,638
86297939100,638
91071196400,1077
11055123633,1077
41242358955,1077
48222521677,1804
89735809655,709
85133549377,709
45655007799,444
61519253000,444
68149816455,444
84131803844,565
68475166077,565
48887182966,1245
57735843444,1245
36417370522,1245
84131803844,1263
21613023966,1263
34967796400,553
29365940499,553
36674218422,72
44345560888,72
60094311077,72
49475982555,370
70382389222,370
88203331800,311
51900442111,779
30173475599,946
94105226766,946
44276322700,931
73483704466,931
57871522044,2154
82440937733,2154
60878721911,2154
57434071699,394
26665221211,400
27720013000,400
40591744322,1882
81690422088,1070
25433063744,1070
96031465600,1070
47242671600,1565
74955048466,1565
15446762044,1565
51701008333,1250
33260350122,1250
36339177055,1928
48487549922,858
15395259611,361
17481143444,361
45502780055,314
67023158488,314
50085848122,314
30547042544,1595
81399111788,1595
48651827488,1775
72570637888,1775
66921213533,229
81259969233,229
47781449377,229
39270686599,1801
86404463000,1801
83647889222,1801
71233822344,1201
56409652900,1201
65631759611,1201
76389785522,257
62761246133,257
18529209633,708
69311084688,708
37047704188,142
79698169244,142
15388078400,1593
83114554066,1593
13550335866,1593
11411321844,784
35329054699,784
23872149511,784
28257258466,786
63693834144,786
67187174799,786
49783763600,1133
46911396300,1133
41967039766,2182
46222205711,2182
45655007799,2182
83187920922,630
23064878399,630
59057670922,1349
75112008500,1349
32684593822,1349
91680696855,914
71127537755,714
29651469622,714
40269420666,765
36291937577,1818
28439792777,1214
64784885944,1214
89999777222,418
86404463000,418
11343035800,167
76279321222,379
77197057777,379
70512176400,94
49860603099,94
44365707544,94
20131940566,1433
47845571133,1433
90056896500,1433
98691273711,1334
51434772711,1689
35967935300,1689
21237541611,2100
78631246111,2100
24666865388,2100
39985656800,2191
41783670566,2191
96046264699,2244
43500408111,692
23783864433,692
56867738077,692
16658155400,2075
91931371099,1395
78702904833,1395
65681087900,1089
52145765522,1089
18814542155,337
40787117588,337
77434020966,337
30018242477,1888
89999777222,1888
45600168366,338
64949926844,338
43076748711,1439
84248261400,1439
90195837355,15
58191008833,15
23872149511,15
84138324544,2046
43247462144,2046
74115757399,2046
15321337155,1677
34253469111,1677
87791081644,1677
17174218733,1617
31058466899,900
76243569966,900
50726295033,544
62142601733,604
13154036255,604
15533325399,895
99546246433,793
64088714022,793
84249855599,793
48126320300,488
99311480122,341
71123647877,341
22001180744,655
41707695033,655
40075874266,655
17045774466,1855
26901838899,1855
18593869899,468
64190704655,1573
74039922888,1180
29548223688,1180
68435340233,1180
23306010344,1616
60373401700,222
68256546166,222
17174218733,222
50679081300,807
72478462833,807
44316742333,159
71591978366,159
17320563233,159
14985397855,1679
12262637988,1679
79236895044,1679
67957065755,1504
58941948577,1504
91781057066,1317
45971596811,593
12622291388,593
21183876799,593
61046004766,1967
47566534133,1967
48487549922,1967
19539715711,1302
85723777199,1302
51701008333,1302
14255061355,1459
18693652400,1459
76578196699,1075
41718919300,1075
27318281455,1075
93831814355,1711
16862515488,1711
12229748866,334
25197129022,632
34113082733,1360
97583651344,1360
57992960444,1427
35185650288,1427
35767000999,1427
79689462555,1099
95019431199,1099
28257258466,1099
59895469044,921
23645995477,921
16643136999,921
93405310000,534
25244141755,534
60261529388,534
17247912733,1715
91032036466,1715
12340680444,48
44823025388,246
35044764788,246
89735809655,246
64858204500,1774
27216396766,1774
57029129933,1262
87471530911,1262
25192579700,1548
19307842955,1831
67483025100,1703
90961513800,1062
56760562588,1062
75458034777,1062
94542818799,609
96046264699,609
12232196311,63
81924790999,63
38904762799,63
52896301200,659
46222205711,659
87471530911,659
54308945322,1227
55738201922,1227
44823025388,1662
11259884444,1662
15676463799,1662
27477706300,1661
22745391700,1661
92577334166,1661
31365650966,1102
83798561800,150
74115757399,2227
47050526411,2216
51490095399,2171
60279381966,2171
46685186899,2171
55316748488,1957
10471539399,162
29548223688,162
61978922788,162
47050526411,1467
10471477188,1467
44978087000,1467
41084684655,107
68196123466,107
63278038144,682
76578196699,682
89080634122,2172
32943575599,2172
61127982633,2172
57227042966,425
72743084911,425
71648084499,269
70890584177,729
60473270799,729
41749197555,1845
37316453000,1845
66353457955,25
64088714022,1047
13638913755,1047
81090541100,1047
42812414188,1547
96578878288,762
37240975811,762
95535353488,762
39194598222,828
74149109388,307
54745069966,626
25852732455,626
81614216766,626
57613483300,291
61500536444,291
72206176666,88
14368577599,88
71536406577,88
64475439500,1346
56369211955,1346
25630882088,1537
26592759988,1537
54094830222,1537
70689375277,586
51846351300,586
53080567222,586
81833879188,801
77197057777,801
71594534333,2129
91032036466,2129
59895469044,2129
19446393900,1552
16330275700,1552
65435900766,1552
38423072500,1432
39451224144,1396
74010200922,1574
25780748100,1574
64912536511,79
95286809688,79
55782989155,582
95160223833,582
89176778433,1483
57361057800,1483
71536406577,1483
85143229077,1723
76485594800,1723
98691273711,86
53030346822,1792
46316000988,1792
83295517766,1792
22070222855,73
12575287933,73
62761246133,1124
74274788944,1124
25192579700,1124
64949926844,1144
87910116477,1972
99488441144,1868
41082148200,1868
67187174799,1868
53197568600,1771
52852985044,1771
69911501855,1771
76485594800,273
79836058700,1125
75356610099,1355
23127526033,1355
50705447488,328
65409031111,328
70349432222,328
91071196400,390
32400162811,791
46911396300,1588
76302623100,1588
25957683799,1588
58730151988,711
32978954388,2127
12473766133,2127
16608522188,2127
26901838899,1085
37371928988,421
19366559933,421
96384432199,770
85882981711,770
27790105333,770
11259884444,2057
14343036166,2194
87171031855,2194
41967039766,2194
56036060455,1475
84669378111,202
19422839466,202
84031697955,202
10150431355,1509
33571934266,1509
63133067599,602
79345428011,602
96384432199,602
49584346744,1553
59304370844,1904
10429907788,1904
81410253255,549
72404817511,549
89735809655,1210
27469065388,1210
30096087800,2205
19539715711,1400
25192579700,1400
18950908222,1400
33699405233,1997
47845571133,1992
94105226766,1977
93540462077,1977
37594889511,904
32081674233,904
39033917866,904
91511164211,91
24726349000,1635
39973511800,1059
85221659988,252
14269806200,252
25192579700,252
90653374233,1327
43934857777,1327
82104787611,681
53822111755,681
93540462077,1000
89403115077,1243
79025001600,608
11365121522,608
83715594100,608
35113347722,987
19217680700,987
90306391800,987
18780783300,484
79476725633,484
52852985044,484
35354099699,788
19805748399,788
20763955988,2250
11343035800,2250
88476250255,1859
91092666822,1859
95451098900,442
21784611155,442
50085848122,1587
18373324955,1587
68808867366,1587
79418218699,1851
50929683700,1851
89046488233,1851
61978922788,1649
39029136300,1649
71219302000,1649
58960427877,1448
25244141755,1994
72904293544,1994
26925191677,1691
69911501855,1691
52860579699,2009
64858204500,2238
31157272755,2238
36546858899,2238
73123774088,2049
83049119577,2049
61811208155,2049
59304370844,1163
27792859666,1163
59295165966,1163
93494252200,271
73492749800,2185
46932792422,673
62142601733,673
80644851000,592
81614216766,592
88307144533,592
39781895933,1760
53481500455,963
87982686199,963
59406611811,2181
21036682866,2181
96161964055,2181
48247849999,1312
72541953655,289
55317228855,289
18529209633,289
41082148200,1728
96884224444,1728
18593869899,1728
65922733999,622
90801341555,622
40919104322,131
96112824511,131
45322658433,2126
43521893244,975
58348813000,975
64898319377,975
15115515699,1675
65230418166,2152
57613483300,2152
64005676233,108
86444102888,108
46991400500,108
97719313266,268
85712749755,268
84374594600,268
85202273688,449
27376902000,449
35083372788,449
76753650033,1342
83136965322,1342
22444749411,1594
87160185755,1594
27720013000,129
52016392322,129
29567983322,129
15446762044,2051
68580048311,2042
31830506766,2042
52389202299,2042
94297685222,518
99759734000,518
50856763355,2070
49783763600,2070
36163825300,837
71648084499,837
37976321500,837
95160223833,401
65631759611,401
28257258466,401
79370709511,769
91680696855,759
53383139444,759
51987409855,1019
41677641055,186
35173604144,186
59441110200,233
42011570166,233
97214013588,1756
39885147488,1756
64190704655,2228
17320563233,2228
18131267555,2228
87160185755,1943
60473270799,1943
81942426222,1743
25192579700,1743
72625426722,1743
75856500788,617
51015914088,617
87160185755,1860
65631759611,1860
53822111755,1343
44231843544,2233
94383251155,606
32340940044,606
16454850644,606
37047704188,10
33193656222,10
24888060055,10
85195237811,1680
16146350566,1680
26901838899,1331
19359640466,496
89551730400,686
62348173600,686
16821597444,686
39194598222,1932
10014309566,1932
30161943099,1050
71123647877,934
86783619566,934
33669645611,83
13823982988,83
53694096844,302
50107141322,302
23077602377,1970
50996255177,1970
35278504499,1970
11259884444,31
46991400500,31
56009528133,1881
24032060755,61
89551730400,61
53030346822,61
59057670922,1875
55782989155,1875
80335548944,1875
63491213333,2212
87356504355,2212
67187174799,2212
96149023700,355
22989616899,355
63664107711,355
56045372177,1785
25854970622,1785
75313744633,1785
64520882111,87
50754116499,87
52896301200,2052
40692093877,2052
82695227244,2246
45971596811,2246
57361057800,259
50523094066,259
78087508400,372
45502780055,372
48008963200,372
43765153611,1338
39270686599,857
41677641055,857
32977670733,857
94182419600,1897
15161529488,1897
49860603099,1897
57326829888,2062
81924790999,2062
39966102622,2196
37956200233,879
90324194477,879
67824401133,1950
31393203022,716
34359806055,716
26592759988,716
60123926211,559
86444102888,559
49822981499,719
12231025999,719
86086027500,2072
53694096844,2072
19093312522,2072
29407387266,675
61844668444,34
60878721911,34
13424564088,242
50034786311,242
15883145700,1562
38423072500,1562
18593869899,1562
71184978866,288
18780783300,288
91806816544,288
36942643533,1405
65631759611,1027
83479691755,1027
17049221511,1027
38707639499,1385
37495015644,1385
32943575599,838
44546580644,2156
82440937733,2156
25433063744,2156
97419276144,2234
67216911833,2234
24303545355,2234
87770917366,2236
70382389222,2236
77766053600,2079
98142988677,1351
63222694966,1351
56452356499,1351
33260350122,2245
48723205300,2245
10449676500,1462
63133067599,1462
93194215799,1232
31607387600,1232
26996234400,644
11343035800,644
68577268411,1829
53808030400,1045
42011570166,2204
74340625922,748
50729959766,748
49138946411,748
68122508300,198
45971596811,198
27792859666,198
29255761844,1762
77766053600,2024
51900442111,1630
56045372177,1630
23127526033,1630
57767870255,1442
65347663022,1442
87089326200,1442
39792739544,594
32294538166,594
45600168366,594
46138851755,275
12936217222,1990
79281204888,1891
16146350566,1512
84694970222,1754
50121224611,437
23949185866,437
80644851000,22
83817467799,22
12514839255,1971
97343546399,1416
57720060888,1416
69698241366,1724
66296664966,1724
91716158811,1724
44144002011,797
90805356999,797
29699403700,220
47863879911,984
46932792422,984
96837531322,984
14269806200,100
21737939699,100
42322907611,1538
99837910211,441
72035803266,441
30547042544,441
45600168366,815
39270686599,815
93682839744,771
51015914088,1763
58254526211,417
93494252200,339
16146350566,339
64475439500,339
97408249433,1242
85133549377,1242
58348813000,463
77438083000,463
47863879911,463
87707692577,1824
21533343733,1303
29699403700,2069
15699568988,1431
94542818799,1431
77728881711,1431
74018026199,1411
44546580644,1411
60681001033,1411
32550705977,1436
15290257966,1305
90653374233,1757
33078691833,1757
56263214388,389
44144002011,389
47274108500,147
74044863199,13
72347984555,13
49010850933,1557
31409851855,1557
89403115077,1557
96853859477,720
58730151988,720
68325211544,1403
42527587000,1403
16643136999,1403
62737281866,395
39792739544,1500
59895469044,1500
68577268411,135
43247462144,135
77456316611,135
51634581677,1575
39973511800,1720
27436823299,1720
68256546166,2130
34967796400,2130
90805356999,1605
64475439500,1605
68454867944,747
62258759644,747
71960291000,747
12936217222,524
83136965322,1523
86464031733,1523
63127426955,1523
78336842011,1949
67292113188,1949
65530192077,1949
35113347722,2000
53080567222,2000
85998140877,907
86886737211,907
72434516911,1729
74149109388,1729
91511164211,1729
53676223644,54
23831351600,1076
85813971233,1076
13638913755,1028
64475439500,1028
42812414188,1028
61046004766,994
17708613866,994
90007306788,994
68196123466,209
84031697955,209
39204788433,209
80273652877,1473
53232594855,1473
34303231000,1473
88253427211,2091
71536406577,500
65922733999,500
94591878899,875
77744669322,875
70071747522,440
57029129933,216
47050526411,216
38707639499,223
34910456577,223
27074842611,320
96837531322,320
89371512788,320
42795272022,1858
24726349000,1858
70137699400,2022
33075061888,2022
70775131900,2022
84249855599,1735
67824401133,1558
22745391700,1558
21183876799,1392
33775712300,1392
85712749755,1392
35083372788,2145
68122508300,176
41707695033,120
83918781988,120
65435900766,1032
94527089211,1032
16658155400,1477
20784998111,2082
87841141500,2223
76861067722,2223
23645995477,1035
25957683799,1035
34253469111,2158
33699405233,2158
59726558533,1414
37262323622,1414
65631759611,1705
97632358200,1705
89893078488,1705
90591483555,704
27918408188,704
12216879644,704
90007306788,2177
88506788600,2177
35329054699,668
73305976000,905
28439792777,905
39270686599,905
15161529488,414
73359897011,1826
94591878899,1084
72035803266,782
46685186899,782
99501180266,782
26901838899,250
81399111788,250
41373539722,561
37262323622,561
87770917366,1516
87791081644,1195
80006795822,1195
76394852400,2136
91511164211,897
74505158733,241
39647066122,695
82370948244,695
13010411144,301
21183876799,301
24872543433,1011
93540462077,1011
22529683700,495
62192822211,495
76279321222,495
50929683700,1993
22745391700,1993
72400071899,192
22411765911,480
80561332088,750
66581786588,1955
80860568300,1955
71123647877,1955
50560895911,1365
47242671600,1365
37047704188,308
20114271344,133
12229748866,133
79220622222,1116
82370948244,1116
24888060055,1681
24666865388,1841
65409031111,1841
35115642800,1841
25517996355,824
61519253000,824
54848845511,824
39838484511,1660
26996399077,1660
70137699400,1660
71520516588,1379
28045509822,190
79135723022,190
10234156155,2193
33632894488,287
42406743011,287
31254237833,287
42406743011,263
72400071899,263
67285992233,2157
43737694000,2157
42011570166,521
68122508300,1805
58029644055,194
48688514388,194
55304448811,194
92424168199,1585
85143229077,1585
64624820288,1585
32981794699,1421
25235857588,1421
27790105333,1421
77456316611,304
36287205677,1328
66285316277,1328
94103202911,1328
39885147488,1367
39392411488,1367
75762938299,728
89025917866,1307
30630841744,99
44365707544,99
37665167877,1101
38360894677,739
84781752611,739
90056896500,117
96572514866,117
25517996355,117
10429907788,1347
60012587677,1319
37371928988,1319
32956193522,1319
59483627799,1623
56442658388,1623
94481365955,1623
50007712577,2087
22411765911,2087
79149960922,1669
62005677788,1669
12022886500,1669
68196123466,2189
26434906144,258
52896301200,258
15464810877,545
89735809655,45
65681087900,2110
37364923599,2110
26317402899,1275
28342656588,1275
35278504499,1275
56735083288,8
18896151022,8
76389785522,8
89046488233,1525
75080161144,1238
53080567222,1093
80273652877,1093
33509276966,1093
14851071800,2186
45307308400,912
59295165966,912
67216911833,912
69616679611,2026
71047013111,2026
61127982633,1249
80218694022,810
80335548944,810
83049119577,810
89923435822,873
93503922911,873
18693652400,873
76571013777,736
24872543433,736
72035803266,736
39973511800,1156
47110185300,1156
78510520844,2004
76861067722,2004
62737281866,2004
72206176666,26
98703721399,26
53383139444,26
82113129999,893
48282679488,893
75762938299,1298
32550705977,1298
47477888400,1298
36942643533,1074
31931867322,1074
76394826400,1482
56369211955,1482
48723205300,1482
68808867366,749
47845571133,1199
59593857322,506
95287479900,1790
33320834066,1790
68015161833,1790
49783763600,1049
86464031733,1773
24283244700,2036
62575606244,1764
34905446766,253
23706947000,253
12514839255,253
41836858422,860
10418996299,860
60151214322,860
30114510444,376
62425949355,376
44345560888,555
71127537755,555
82090364911,555
69098442977,505
17373245399,505
63127426955,505
59737816400,1418
48247849999,1390
71536406577,1996
76718826077,1540
76753650033,1540
71594534333,1371
94483609088,1371
13259859611,251
93682839744,251
70775131900,251
45345351711,1561
87673350044,878
84781752611,697
53822111755,1404
32978954388,859
66285316277,59
77536599955,365
39033917866,365
11583585988,365
34855840100,1643
24366639800,1643
59897058755,1643
34518300511,1638
46920555533,1638
11473614799,469
28811258244,469
78343181600,469
46547996722,957
75133211911,957
51161752199,957
68352892522,1029
68577268411,1029
19708678922,64
21166016811,64
91085004522,64
60839526033,752
38580277311,752
31254237833,752
16821597444,1429
24315996711,1429
16713538466,1429
10429907788,203
60418756355,203
29035138488,203
72590473566,1465
97632358200,1464
53694096844,1464
64211450788,1464
30292039722,1597
27333282477,1654
50729959766,1654
15239976300,1654
88714523133,760
95746921088,760
38695956633,760
20114271344,2019
77386378977,2019
25957683799,2019
54273699700,426
45646819822,426
82238161300,426
95160223833,1631
67264384944,332
27183392411,332
23949185866,332
27227809177,1952
97390860800,1952
87168992455,1952
12229748866,1935
36723353711,1935
11270065255,1935
89046488233,415
45325596422,415
58941948577,415
15079329011,206
69601317744,206
95019431199,297
78425977233,297
22790603022,1876
32685092744,2131
91032036466,2131
81259969233,2065
96384432199,2065
92635131711,587
50705447488,587
42398310400,781
95746921088,766
83295517766,1344
24461012677,1344
55721272999,1344
36942643533,354
86479387988,354
59172057955,354
24271066588,1985
47840896833,1218
39985656800,419
35173604144,419
88627177922,399
87471530911,399
25818430200,1388
30952562211,1981
71960291000,1981
30465047722,1620
64190704655,1251
35354099699,1658
79236895044,1658
27333282477,1658
68690530900,249
39792739544,249
80628320822,249
50560895911,1100
77434020966,1434
64401932877,1434
32425591422,1434
44963477411,525
70512176400,525
52233539355,525
28658294133,1751
46547996722,1751
23949185866,1751
60757575899,1678
97425199600,210
64841544300,210
95535353488,1213
65347663022,1213
13154036255,1696
15395259611,1696
57492556622,2175
65631759611,2175
75956657444,2175
67142029466,1618
78343181600,1618
64211450788,1618
23872149511,1041
48487549922,1041
85421738055,1041
39392411488,1268
82370948244,1268
17708613866,165
91256331477,165
72400071899,2080
52860579699,335
30458304711,335
25630882088,335
96112824511,2128
78336842011,1974
72541953655,909
60757575899,909
37853330488,475
32149779700,833
74303098288,833
94836287177,224
46958570222,224
95882510955,1877
91806816544,1159
68241142511,1159
39029136300,556
76389785522,556
68015161833,556
14200788444,1114
34253469111,1168
66690407766,1168
67187174799,1619
33419348711,1619
59409192866,367
41783670566,1288
61625025111,1288
82231154411,1288
44231843544,972
63021530777,413
37240975811,869
74505158733,869
34375499955,2201
57551502066,2201
23783864433,2201
96161964055,519
68808867366,519
14269806200,519
52917576711,1579
90056896500,1579
86974153655,1304
59441110200,1128
95137772788,679
56428646888,679
81942426222,2160
11055123633,2160
18894126600,1999
99786404288,1999
50950832211,1962
25155526099,2056
22719463955,2056
85712749755,1945
28342656588,1945
66353457955,1292
37396781866,349
94297685222,349
52695870766,1797
29407387266,1797
86914272211,862
19025959399,862
60267140222,862
51249974277,296
72434516911,296
98142988677,296
12340680444,2149
14510513011,2149
44292028000,2149
17373245399,1237
53153969677,1237
72478462833,635
83798561800,635
96853859477,635
63058485566,1655
12340680444,1655
95432871399,820
25235857588,988
22411765911,974
57720060888,1423
60166847322,180
46561077433,180
72496819744,180
31619475766,2120
92247223188,2120
47274108500,1004
44546580644,1004
34744548388,1017
37665167877,1017
13154036255,2030
46678910922,2030
38359214288,2117
39179379800,1030
71706746377,740
64247812699,969
62774127600,181
74274788944,181
42322907611,985
10713187055,985
50334844355,985
68355054199,93
70071747522,93
45278707000,93
37240975811,1132
19422839466,1647
15290869066,1647
37527846366,2174
45322658433,2174
14343964522,47
53808030400,47
87673350044,662
76394852400,662
74039922888,662
89371512788,235
71795990422,235
86297939100,2239
58254526211,1815
33075061888,499
25899530388,499
64784885944,499
44276322700,1546
26940476100,1583
12232196311,1583
13338513322,1583
59737816400,2224
41783670566,2224
71488605200,2224
16713538466,1954
88449928333,1812
35314670344,1078
10150431355,835
15079329011,835
16624050300,260
86214221822,260
57492556622,260
23198955400,1863
52420099855,1863
50523094066,1863
64784885944,1529
74010200922,1529
28614241688,1193
71591978366,1193
96112824511,353
19539715711,353
68475166077,353
22742114344,1350
33536752300,763
14255061355,763
56867738077,384
31732102988,384
47845571133,1930
41836182311,152
50730412322,152
54486724000,152
57227042966,340
49475982555,340
56745941122,340
61491894300,429
96851735911,764
14343964522,1802
49584346744,589
88533380244,1502
85723777199,122
98816176344,1366
91511164211,1366
77744669322,1366
36985440911,1924
50722445711,1924
54094830222,1924
31931867322,1913
71681707833,1913
37665167877,1913
84263807277,1157
28530021955,1157
13861606877,1157
48284152200,1693
90007306788,562
27763808011,562
17698375400,562
88461098055,483
29592437577,483
48291295655,435
14004617744,1361
93329619211,2102
58941948577,2102
76252665088,1551
11445836088,1080
93682084255,1080
79135723022,908
74274788944,1363
50722445711,1363
81510445199,1363
17152444000,501
59593857322,501
44476372000,501
25780748100,44
40081877311,44
10822678644,44
50842032988,342
30433259822,362
60151214322,362
73775752988,362
34009026911,1953
50006248155,811
64857054900,811
95160223833,1407
97390860800,1460
75935790266,1460
28257258466,2168
38904762799,2168
74355908277,684
41707695033,684
59593857322,2151
87770917366,973
81259969233,1777
76243569966,1777
53030346822,239
76718826077,239
33313173733,239
33078691833,111
12507606077,111
22745391700,1358
41029289522,1358
84138324544,1353
60166847322,1170
28439792777,1170
74574066977,2073
92532663255,2073
86214221822,2073
13548158822,563
71648084499,1878
38981318666,1878
90056896500,1508
12661022644,1508
88150777588,1508
73402515022,66
70645499566,1138
51112424900,1138
96578878288,583
31058466899,1023
47840896833,1023
87982686199,1023
96332299600,2214
24666865388,2214
18211442288,2214
42848097688,1083
23167820866,1083
36985440911,850
43085645066,1986
69098442977,1986
71042916522,255
38367049866,255
50856763355,255
21401665822,2093
16117550777,2093
88533380244,2093
78854618311,1496
85447511722,705
18950908222,705
40253071544,359
53852943733,53
12575287933,53
44476372000,158
86816090177,1916
68025300666,1916
44978087000,2033
48161784655,2033
81259969233,2033
64912536511,1577
10234156155,1577
30173475599,1577
41707695033,1001
32892941966,1001
92424168199,1001
11445836088,188
68690530900,188
44476372000,188
64655624644,51
87982686199,51
71450185944,51
42527461088,1200
13496752611,1768
47243279799,1768
18794569233,1768
21164967488,840
25992719400,1202
64655624644,1247
61449208033,1590
83295517766,1590
89618863800,1590
44394032711,1726
37396781866,1726
59304370844,1726
69788210555,423
77668910266,423
69883591500,423
91092666822,2092
46547996722,1752
51701008333,1752
74340625922,1752
95789072499,351
59895469044,392
83114554066,392
33078691833,392
32978954388,1271
69636133544,1271
73390390666,1324
46911396300,1151
82370948244,1151
41836858422,2222
25619144299,2222
44476372000,2222
80663034244,1980
99759734000,1980
71127537755,1980
59355570100,901
86214221822,745
65744420288,745
63021530777,1471
23501041255,474
71514085288,474
27790105333,443
86816090177,443
83885813255,443
22989616899,1276
18693652400,1276
76279321222,2161
19539715711,2161
56263214388,1469
72590473566,1185
99546246433,1185
44645722199,1185
90007306788,1175
85195237811,1175
54486724000,1507
90372920200,1507
79541261700,1507
39029136300,1488
70071747522,1488
88011445200,1488
94290285533,1446
91092666822,1446
60123926211,1330
64475439500,1330
71594534333,689
46138851755,689
25619144299,689
30018242477,1293
68256546166,1293
44238434633,1293
67187174799,1586
49525360922,1586
97408249433,1456
54094830222,551
72400071899,551
61046004766,551
60495479200,1535
66325348999,1695
48710274655,1592
47845571133,1592
31365650966,1592
66734398155,536
55124526222,536
18780783300,318
40752255855,1765
44345560888,1765
55048294966,1765
91092666822,446
60279381966,446
26940476100,1769
91092666822,1769
30465047722,1261
91511164211,2155
40263166100,1480
19472837900,1480
74355908277,1931
63133067599,485
25197129022,485
76252665088,161
60261529388,1645
35113347722,1645
54308945322,137
41029289522,1150
47863879911,1150
69872129100,1150
44394032711,371
55317228855,371
25619144299,371
28042530155,1991
27436823299,1991
42322907611,1991
62659669799,2176
87982686199,2176
24903108600,2176
34253469111,560
50929683700,24
79689462555,24
12216879644,734
41677641055,734
84669378111,734
23127526033,163
81178396600,163
90206763933,163
13534836300,576
56009528133,576
90379627699,576
13638913755,164
92708630344,164
99084605011,164
69636133544,2190
45345351711,479
15239976300,1266
48222521677,1266
83647889222,2015
16511814200,2015
86543987522,1322
12232196311,1322
74955048466,1007
63374991822,1007
90128705266,1046
24886729633,1046
46680633477,1046
97074739599,1192
78702904833,2159
78510520844,2105
30153470044,2105
66072108300,1613
62774127600,1613
40269420666,1219
91931371099,470
30630841744,431
87168992455,712
22444749411,1842
93498008100,1842
86266854599,1842
45508358500,738
73359897011,738
84694970222,1627
56916709133,1627
71594534333,916
45307308400,916
39194598222,1265
60267140222,1526
56263214388,1526
29067930511,1526
65274604900,32
86914272211,1389
25633428800,1389
59406611811,448
61978922788,448
76753650033,448
70675118288,1120
40263166100,481
71960291000,481
86297939100,1239
87766638333,284
11676601377,1056
24559931833,1920
18814542155,2133
55215948411,1373
37976321500,1373
29407387266,1373
13388449111,1205
64190704655,1205
27792859666,1204
73464630055,1204
12575287933,1204
87841141500,1814
37364923599,1814
31783871966,101
10449676500,101
70123774455,1383
59895469044,1591
42398310400,1591
34359806055,1118
50523094066,1118
64770997800,1208
96957974588,1208
35382997066,1208
51015914088,1506
76394852400,1506
77386378977,1506
61046004766,616
24303545355,277
56409652900,1147
81690422088,1147
21602128811,1147
28257258466,1938
91511164211,633
56428646888,633
73739170622,633
46681107288,531
88461098055,2230
53676223644,1531
69872129100,240
19366559933,240
19471741344,132
44444151855,1435
93682084255,1435
34009026911,1435
87982686199,319
42672174088,274
97419276144,1486
79541261700,1486
14368577599,1486
39781895933,578
22147815955,578
62192822211,578
43085645066,234
29223677977,234
91256331477,1033
36673065122,1339
24888060055,78
16433763499,78
30630841744,497
75511218388,497
62258759644,497
74274788944,348
60261529388,256
45655007799,1739
21784611155,1739
47840896833,672
42789634599,672
31931867322,894
74505158733,894
90871416888,1196
53030346822,1111
95535353488,1111
44412403333,1111
49000284799,58
35767000999,58
81742254555,2173
44231843544,1287
36811674944,1287
76252665088,538
19217680700,538
87766638333,538
67216911833,800
58029644055,800
60934661244,2206
42050097633,2206
79220622222,799
92305610700,1794
22920877077,1749
44231843544,1749
80804943399,1740
75993567033,1740
91032036466,566
42050097633,1687
14340611833,1687
78602763644,928
26925191677,928
51434772711,928
53694096844,1455
75133211911,1455
98703721399,761
41029289522,2188
96046264699,2188
41277067833,2188
43525583622,1283
10234156155,3
94182419600,3
60839526033,663
63278038144,663
37853330488,1325
71042916522,1325
79281204888,915
15239976300,964
93494252200,964
66496221099,964
59304370844,19
44963477411,445
87707692577,170
51987409855,1406
74355908277,1406
60601131411,1406
75112008500,883
15115515699,883
70529113700,883
82057096533,1012
97425199600,1012
14004617744,865
81942426222,865
43525583622,677
35767000999,600
85195237811,600
85143229077,600
41084684655,1609
94957192911,1178
32892941966,1178
47719882855,487
48378942166,487
79425895955,487
25633428800,1443
21401665822,953
61681574255,953
38301513900,768
79236895044,153
92424168199,153
77814118200,153
65619380388,1682
51931705100,1682
76687745488,1682
65015589133,511
21401665822,511
96907742477,511
99786404288,460
78900704388,460
98942886855,1136
78900704388,933
57871522044,933
87770917366,933
68939360366,1139
23763554866,1139
68577268411,1039
85712749755,1039
40737880433,2162
71453297433,1341
24461012677,1545
17174218733,959
24303545355,959
71127537755,959
74773897044,33
97632358200,33
57335961711,33
24461012677,1821
90056896500,1821
12514839255,1091
86654360300,1091
77814118200,1091
65274604900,1
99084605011,1376
75004391644,1376
23127526033,2023
74044863199,2023
68256546166,647
24284825300,647
96820100633,647
77307338388,482
52219393399,482
32142278155,1352
63322396622,1352
46681107288,1352
37853330488,407
63606221066,407
60762604599,407
71090384400,140
17295099166,140
97936799566,2180
84211611300,2180
71591978366,1683
98352675700,918
26527675777,918
61519253000,157
27792859666,157
21602128811,1927
82485969666,2084
46294769111,2084
23831351600,2202
36979171888,2202
91832774555,2202
46920555533,1240
66734398155,1240
38296176311,248
48378942166,1236
42812414188,1236
85089404599,991
11270065255,991
89080634122,991
59669067777,212
69361968022,212
25008049766,212
35467496344,295
40591744322,295
77434020966,2067
70382389222,2067
71042916522,1430
12451434500,369
49010850933,1348
57720060888,1348
76323570766,2243
10229603933,290
54701195999,290
24888060055,1215
46561077433,1215
34113082733,1215
11583585988,954
22920877077,175
37371928988,175
46222205711,1340
16433763499,1340
54094830222,1340
37594889511,2086
86611288544,1422
93194215799,1422
99311480122,1422
96332299600,685
57928997388,410
81159062633,410
31342423622,461
90405261500,1098
44626852299,409
32081674233,409
18894126600,409
95882510955,55
34253469111,471
24748609166,471
99945435399,247
47110185300,247
88024237255,1498
28397549755,1498
46681107288,1498
37047704188,1364
64858204500,1364
28045509822,727
93730261600,727
27333282477,727
45684689222,603
12936217222,868
56916709133,868
40692093877,1258
89542582122,1258
79135723022,1453
39033917866,1453
48710274655,1453
26681883188,360
84004475300,360
32644575477,6
99759734000,6
32550705977,1607
14937285633,1607
55678006900,1419
62665036622,1419
95160223833,1419
96516875766,1052
89923435822,1412
43752879188,1412
45278707000,199
79689462555,199
86974153655,1909
72404817511,1909
15985195811,1909
39668678500,1969
70137699400,1969
37109163999,1969
81084709199,951
78631246111,951
43491582866,380
34130034700,380
47863879911,168
95535353488,168
43547982477,1789
10418357011,1789
38981318666,1789
96572514866,1362
25155526099,1362
34905446766,680
31157272755,1929
11473614799,1929
42038644611,777
13534836300,777
71514085288,1964
74340625922,1964
64005676233,1964
46678910922,1410
42679279877,1410
38837982233,1922
89912752811,244
93057830666,1345
74505158733,1584
21613023966,1584
84761502888,1706
40263166100,1706
78510520844,1706
45655007799,14
76619798966,14
10150431355,14
13914924988,1002
56666469155,1002
31393203022,1002
30963279399,462
35648919511,462
16713538466,919
34130034700,919
83213790522,38
71594534333,38
18677213411,38
30805248700,579
38837982233,2097
24716330800,2097
71520516588,2097
80561332088,1692
14343964522,327
67285992233,327
50361198199,56
61625025111,742
50085848122,742
41278405877,453
52233539355,453
48161784655,732
31409851855,1191
61415449755,1191
74461825200,649
93494252200,649
51015914088,1382
69807175966,478
32515865211,478
54848845511,478
27313294088,755
85447511722,755
32010737255,755
46982729477,1206
14343964522,1206
61096320822,867
57767870255,867
68435340233,2088
42795272022,508
33129221944,508
37956200233,508
47845571133,942
42315718055,1054
63056283000,331
48247849999,331
41783670566,331
37527846366,18
66441115488,18
91032036466,18
97467450855,532
26592759988,2170
10471539399,2170
82052155533,102
42527587000,102
12622291388,102
12661022644,731
69130478199,1780
55279472666,1780
86974153655,1879
35634150133,1020
35083372788,1020
43737694000,1160
92635131711,1160
11676601377,1160
85421738055,776
87707692577,776
48237291888,1308
35467496344,634
72035803266,634
60839526033,634
54273699700,547
36291937577,464
24840302666,464
76753650033,464
96890659200,1387
29834332777,1387
33313173733,1387
44030865433,1087
14985397855,645
27183392411,2203
75511218388,605
37396781866,1521
48487549922,1521
75556912300,1521
18529209633,2200
41967039766,937
12424684800,937
71123647877,694
99184158511,694
92708630344,1402
23356328766,2094
46547996722,2094
58029644055,270
98816176344,270
55124526222,270
47385588111,1702
12575287933,1702
89923435822,105
42315718055,105
83885813255,105
52145765522,1110
41082148200,1110
92362726577,1110
92960237188,1589
23468888500,1589
93494252200,1589
96171524100,1528
56409652900,2089
99184158511,2089
86654360300,1819
22324870166,614
44238434633,2242
45322658433,2242
44645722199,436
76305527422,436
19093312522,436
98627523433,1653
79149960922,1653
29035138488,1871
65681087900,1948
34578709933,849
32425591422,422
60094311077,422
52145765522,422
73176367544,1155
72904293544,1155
76302623100,1155
37047704188,1306
25633428800,179
46680633477,179
18894126600,179
37956200233,2231
67297483200,1320
60934661244,1320
19875891811,2111
12262637988,2111
62718736188,2111
85882981711,1910
86214221822,1921
48702532166,1123
82370948244,1123
19446393900,1123
14962541555,958
38695956633,958
32515865211,958
44978087000,1374
66905257599,1374
26317402899,1061
90206763933,1061
26996399077,1061
52860579699,427
90176454900,1337
24315996711,1337
11055123633,1291
60648091755,1291
46138851755,872
81614216766,568
22070222855,1182
10868516766,1182
15170059577,1182
44963477411,1272
62488501944,730
67187174799,1021
43752879188,2163
55302764666,2124
58348813000,2124
90405261500,515
19471741344,515
42672174088,1223
54308945322,272
71960291000,272
74018026199,2001
24297147877,537
36829278400,70
66624091111,70
38367049866,70
44823025388,382
96332299600,382
37316453000,382
55791227133,345
97419276144,345
16117550777,512
42823803066,512
75589105877,512
45655007799,1673
43993022833,312
48126320300,312
42812414188,312
93831814355,276
58941948577,276
33078691833,276
75115819600,381
30260083899,381
63585443577,1581
25517996355,1581
44963477411,623
44476372000,623
15676463799,1246
40026283700,1246
86404463000,1246
20763955988,1425
59405851088,1425
89912752811,46
60601131411,2059
89542582122,261
24382851099,261
63058485566,261
50028469633,1290
35467496344,1543
61681574255,1294
32010737255,1294
89025917866,1294
24192806444,1097
51263045933,546
21880614200,546
60473270799,1058
17481143444,326
90730842299,326
46561077433,1984
80298648766,1135
41836858422,1135
42812414188,1606
14937285633,886
69636133544,886
61127982633,373
47719882855,373
53270922755,373
85202273688,465
22001180744,1694
96149023700,2005
71453297433,804
90195837355,825
29699403700,1016
31365650966,1016
23356328766,1016
31054572755,2076
42406743011,2076
96837531322,2076
29567983322,1386
19359640466,9
56442658388,9
18084750899,9
16608522188,29
24636096133,155
99488441144,155
83479691755,155
46701280000,678
77541001344,678
46294769111,1933
67781408600,1933
50929683700,1937
79689462555,1937
40737880433,1937
59685293188,7
75112008500,877
31457919822,877
90405261500,877
11259884444,1676
19038254155,1297
35278504499,746
99759734000,746
33508296199,1060
16117550777,2010
90056896500,1612
40797129366,1612
24382851099,228
12451434500,228
19704065422,330
89025917866,330
74115757399,330
17174218733,834
72035803266,336
90324194477,1940
91256331477,1940
87912585455,1940
27065601777,1701
90653374233,1701
46982729477,1701
38452951399,1884
87204344211,1884
34375499955,1884
16182607233,2038
33699405233,2038
38372734233,2038
19472837900,237
16713538466,237
49685879022,237
40269420666,874
62575606244,874
22033863200,874
59355570100,491
13823982988,814
82113129999,1359
70512176400,1359
75411770599,1359
10150431355,863
60418756355,813
60166847322,813
69872129100,813
65230418166,281
33260350122,281
47121751766,281
41707695033,169
14851071800,169
27893901422,1721
14330977611,1119
96362505966,1478
46958570222,1478
56735083288,112
67157782722,112
45609867700,1187
79698169244,1187
72570637888,433
87910116477,433
23949185866,433
99837910211,980
48046103088,980
50726295033,1530
58348813000,1184
20763955988,493
73739170622,493
27631497077,1942
22324870166,1942
59295165966,20
43636403677,20
21183876799,1961
28045509822,1233
90007306788,1233
76279321222,178
14269806200,866
28763877944,887
37853330488,309
42823803066,1445
56695389866,2083
41836182311,1181
40787117588,1254
65230418166,1254
32644575477,1254
26527675777,43
25992719400,2103
11343035800,2103
15968825066,405
67292113188,405
31830506766,127
22478414577,127
48008963200,1043
28800328577,1043
71681707833,264
54308945322,264
98451321111,264
39603912422,1391
22529683700,1368
75856500788,1936
77434020966,136
46590686500,136
38904762799,266
18811290399,266
75004391644,266
51289771455,1511
34053952088,1511
77541001344,1511
60878721911,1572
45684689222,1572
48000374255,1572
84249855599,1198
34908652355,1198
51112424900,1198
22719463955,1409
26317402899,447
23645995477,447
77386378977,447
85133549377,313
63606221066,313
87163230688,313
24903108600,1314
70786402688,1314
96837531322,1830
11365121522,1830
86963813866,1830
43993022833,809
71514085288,809
79541261700,809
22989616899,572
76718826077,572
11445836088,572
44394032711,1015
68149816455,1869
80298648766,1869
62575606244,1534
63278038144,1534
55448073299,1231
68325211544,1231
51434772711,1231
61500290855,585
47243279799,585
64655624644,90
18677213411,1369
94483609088,1369
99837910211,757
57172127044,757
22147815955,2135
95286809688,2135
96837531322,2135
94483609088,1104
45714423199,1207
99546246433,1554
17477598211,1554
54848845511,1554
60373401700,794
54879588400,794
62200293211,1634
82057096533,1634
25957683799,2021
79149960922,1122
57551502066,1122
74018026199,1122
87116714755,597
42796192633,597
26681883188,570
72570637888,570
97074739599,1614
62258759644,1614
63133067599,591
43752879188,1499
67023158488,368
80335548944,368
62665036622,368
17560585122,743
73402515022,743
36543868655,411
73496985000,411
68241142511,1384
27720013000,1384
55782989155,1674
32114965566,1674
39966102622,1975
77011093900,1975
62737281866,1975
62142601733,1176
52016392322,80
85435013188,80
53852943733,758
88203331800,35
36674218422,1335
94957192911,1335
74149109388,221
45325596422,221
59017379033,221
59409192866,84
33509276966,84
15290869066,84
73496985000,183
16454850644,322
92424168199,1670
91314528766,1670
62658715366,1670
62488501944,528
46437791600,528
90454463833,1514
55302764666,1514
57410427400,1514
17560585122,1838
50722445711,1838
75115819600,1838
32956193522,564
25957683799,564
78723955255,2027
50107141322,2027
50560895911,2027
94752229011,1840
57492556622,1840
20393388022,2241
74491312933,403
36417370522,403
89923435822,773
89025917866,1296
13424564088,1296
67824401133,787
39973511800,787
73006295477,944
56365492533,944
48126320300,2178
81159062633,1300
54848845511,1300
51434772711,62
25721825644,62
89551730400,62
69911501855,1640
31342423622,1640
76133356155,1640
63162073011,1518
57871522044,1484
71594534333,817
43491582866,817
91202584100,1234
43281671111,1234
55791227133,57
45299156033,1377
44963477411,1377
41029289522,1377
21324460911,2147
26996234400,2147
79034076277,1221
97467450855,1221
13638913755,1221
47840896833,231
82912423644,231
90591483555,231
28397549755,676
72856984900,676
14980743166,1259
65681087900,1259
88506788600,1259
20784998111,2225
60244915900,853
98377864422,853
93329619211,1847
69698241366,1847
36364948722,802
64949926844,802
22444749411,802
85089404599,575
52233539355,575
77602478500,575
19217680700,1795
73739170622,1795
84455624799,1795
27333282477,1401
69311084688,1401
57992960444,1401
85435013188,989
93682839744,989
73176367544,1095
61046004766,280
56984436022,1106
81159062633,1106
82370948244,1849
24636096133,393
13550335866,393
82231154411,217
28760619455,217
18677213411,217
55808805611,1758
31990290433,1758
26153139244,1758
83885813255,513
54848845511,513
81695565544,1833
13338513322,1833
42050097633,1833
49783123533,522
68580048311,522
99501180266,1806
60012587677,1806
59726558533,1113
94290285533,1113
69098442977,402
90056896500,97
44626852299,2187
59172057955,2187
96820100633,2187
41677641055,364
17477598211,364
69698241366,364
15883145700,60
91256331477,60
49986192177,60
90128705266,2235
55317228855,1672
14208120766,218
94290285533,218
57029129933,218
90807065822,2134
87168992455,2134
95535353488,2139
79220622222,2139
62575606244,2139
27227809177,1659
25957683799,1651
24716330800,1651
63278038144,1870
96149023700,1870
40325191700,1870
79675627988,1836
29567983322,1836
15389392155,128
63322396622,128
62488501944,557
11411321844,1716
12139971788,1716
38705953888,1716
59895469044,439
92532663255,439
25008049766,1466
61491894300,1688
35044764788,219
97390860800,219
76325035799,219
92247223188,651
27631497077,651
10822678644,2114
50929683700,998
45646819822,467
13550335866,467
56263214388,467
60681001033,310
42739363566,310
35647787800,310
91806816544,144
60349936877,2140
54745069966,2140
22522183477,2140
74878651000,2169
24636096133,829
70786402688,2221
69098442977,2221
96171524100,2221
67264384944,726
73006295477,1709
15170059577,1709
38970056622,1709
56916709133,279
29067930511,279
68015161833,279
84263807277,1490
82057096533,1490
18084750899,1490
86266854599,124
48724324522,406
23306010344,406
54787013511,323
43525583622,323
15446762044,323
25637766355,1601
48046103088,1601
66576232322,1601
47908826911,540
49475982555,540
91314528766,540
15079329011,884
60373401700,884
72904293544,884
77728881711,898
55508186122,898
41153142499,898
31058466899,2123
45322658433,2123
96884224444,2123
89999777222,1501
62348173600,1501
74773897044,1866
88506788600,1270
83463585399,1944
97467450855,1944
15290257966,1944
10471539399,744
74044863199,744
99945435399,744
59936643555,1472
88372426977,1472
17368470822,1472
23949185866,2029
10533394700,2029
65347663022,798
39668678500,798
34518300511,2011
21571455755,1444
71536406577,1444
69807175966,1444
57361057800,701
89999777222,701
46680633477,986
40325191700,986
77814118200,611
98703721399,611
59441110200,611
32978954388,1008
87841141500,1008
99527172377,1008
43421287999,1667
40081877311,1248
47494806811,1248
63464042299,1248
49783123533,171
56674524055,89
80860568300,89
90588279177,89
83715594100,1494
51900442111,1494
29067930511,816
84373490444,1447
38850312999,1447
54308945322,225
63021530777,225
36287205677,225
90372920200,1109
70675118288,1109
83049119577,1712
15079329011,1712
14937285633,1799
80804943399,1799
23763554866,2035
70680855633,839
46476126944,839
93962263511,936
47845571133,1782
19359640466,1782
45222223277,1782
59295165966,177
63322396622,177
71852005988,615
58191008833,1837
58921154888,509
83647889222,2054
84761502888,2017
17560585122,2017
68939360366,2017
70529113700,1835
29540362811,1835
43449439888,1835
78425977233,1807
59017379033,1807
83213790522,1807
24366639800,1143
26527675777,618
96516875766,618
76279321222,808
82090364911,808
73305976000,1857
34339278555,1857
71219302000,831
76571013777,831
62665036622,831
37853330488,2148
20083392899,2148
50903278588,1632
65944328188,1632
72670168200,1632
38970056622,671
76202552066,671
44238434633,671
69098442977,889
27436823299,889
10229603933,889
39603912422,1096
14208120766,254
37527846366,254
74574066977,254
73492749800,149
32919368844,149
53153969677,149
49783763600,2098
48724324522,2098
26925191677,529
